name,start,end,size
discovered_0x11c288,0x11c288,0x11c2e0,88
discovered_0x121e5c,0x121e5c,0x121f7c,288
discovered_0x121fcc,0x121fcc,0x122000,52
discovered_0x122004,0x122004,0x12205c,88
discovered_0x12b0f0,0x12b0f0,0x12b164,116
discovered_0x13ee98,0x13ee98,0x13eee8,80
discovered_0x16bd44,0x16bd44,0x16bef8,436
discovered_0x16c4e0,0x16c4e0,0x16ccc0,2016
discovered_0x1789e0,0x1789e0,0x178be8,520
discovered_0x178be8,0x178be8,0x178bf8,16
discovered_0x178cfc,0x178cfc,0x178d38,60
discovered_0x1811e0,0x1811e0,0x181318,312
discovered_0x18fc10,0x18fc10,0x18fc30,32
discovered_0x1a1500,0x1a1500,0x1a1520,32
discovered_0x1bf738,0x1bf738,0x1bf758,32
discovered_0x1c20b8,0x1c20b8,0x1c20d8,32
discovered_0x1f0e18,0x1f0e18,0x1f0ee4,204
discovered_0x1f3cd0,0x1f3cd0,0x1f3cf0,32
discovered_0x201a20,0x201a20,0x201a40,32
discovered_0x20ee58,0x20ee58,0x20ef68,272
discovered_0x215d00,0x215d00,0x215d20,32
discovered_0x2207e0,0x2207e0,0x220800,32
discovered_0x227a38,0x227a38,0x227a58,32
discovered_0x228500,0x228500,0x228520,32
discovered_0x2393b8,0x2393b8,0x239468,176
discovered_0x239ba0,0x239ba0,0x239c24,132
discovered_0x23b668,0x23b668,0x23b6a0,56
discovered_0x23b790,0x23b790,0x23b858,200
discovered_0x23c2f8,0x23c2f8,0x23c48c,404
discovered_0x23c6b4,0x23c6b4,0x23c710,92
discovered_0x23d1f0,0x23d1f0,0x23d2a0,176
discovered_0x23d558,0x23d558,0x23d658,256
discovered_0x23df98,0x23df98,0x23dfd8,64
discovered_0x23e148,0x23e148,0x23e208,192
discovered_0x23e258,0x23e258,0x23e294,60
discovered_0x23e2e8,0x23e2e8,0x23e40c,292
discovered_0x23e450,0x23e450,0x23e564,276
discovered_0x23e9e8,0x23e9e8,0x23ea5c,116
discovered_0x23eb68,0x23eb68,0x23ebe0,120
discovered_0x23f7f8,0x23f7f8,0x23f838,64
discovered_0x23fae0,0x23fae0,0x23fc2c,332
discovered_0x2405a8,0x2405a8,0x2406fc,340
discovered_0x240830,0x240830,0x240948,280
discovered_0x240b58,0x240b58,0x240b8c,52
discovered_0x240bc0,0x240bc0,0x240cd8,280
discovered_0x240dc8,0x240dc8,0x240e3c,116
discovered_0x240e50,0x240e50,0x240e84,52
discovered_0x241600,0x241600,0x241640,64
discovered_0x241944,0x241944,0x241a04,192
discovered_0x241e28,0x241e28,0x241f40,280
discovered_0x2421e0,0x2421e0,0x242244,100
discovered_0x2426e0,0x2426e0,0x242710,48
discovered_0x243f10,0x243f10,0x243f70,96
discovered_0x244870,0x244870,0x2448a4,52
discovered_0x2448b0,0x2448b0,0x2448e4,52
discovered_0x253344,0x253344,0x253508,452
discovered_0x253b34,0x253b34,0x253d18,484
discovered_0x254314,0x254314,0x2544e8,468
discovered_0x2546c4,0x2546c4,0x254918,596
discovered_0x25491c,0x25491c,0x254b70,596
discovered_0x254b74,0x254b74,0x254c28,180
discovered_0x254c2c,0x254c2c,0x254ce8,188
discovered_0x254cec,0x254cec,0x254f60,628
discovered_0x2551e4,0x2551e4,0x2553dc,504
discovered_0x2553e4,0x2553e4,0x2555ec,520
discovered_0x2555f4,0x2555f4,0x255660,108
discovered_0x2556e4,0x2556e4,0x255904,544
discovered_0x255f0c,0x255f0c,0x2560d0,452
discovered_0x2562ac,0x2562ac,0x256470,452
discovered_0x256474,0x256474,0x2566f8,644
discovered_0x2566fc,0x2566fc,0x2568e8,492
discovered_0x278a10,0x278a10,0x278bf4,484
discovered_0x2832e4,0x2832e4,0x283394,176
discovered_0x28339c,0x28339c,0x283494,248
discovered_0x29a858,0x29a858,0x29a88c,52
discovered_0x2a36f0,0x2a36f0,0x2a374c,92
discovered_0x2a4b88,0x2a4b88,0x2a4d6c,484
