score,start,real_end,missing,refs,prox,in_csv,file
8800,1149760,1158488,8720,2,0,False,FUN_00118b40_0x118b40.cpp
4444,1679400,1683772,4364,2,0,False,FUN_0019a028_0x19a028.cpp
4160,2153968,2157972,4000,4,0,False,FUN_0020ddf0_0x20ddf0.cpp
2640,1282592,1285160,2560,2,0,False,FUN_00139220_0x139220.cpp
2528,1733504,1735960,2448,2,0,False,FUN_001a7380_0x1a7380.cpp
2032,1514120,1516076,1952,2,0,False,FUN_00171a88_0x171a88.cpp
1840,1104208,1105976,1760,2,0,False,FUN_0010d950_0x10d950.cpp
1760,2087264,2088952,1680,2,0,False,FUN_001fd960_0x1fd960.cpp
1752,2328720,2328760,32,43,0,True,FUN_00238890_0x238890.cpp
1744,1747392,1749064,1664,2,0,False,FUN_001aa9c0_0x1aa9c0.cpp
1740,1098512,1100176,1660,2,0,False,FUN_0010c310_0x10c310.cpp
1716,1639112,1640756,1636,2,0,False,FUN_001902c8_0x1902c8.cpp
1628,1703416,1704968,1548,2,0,False,FUN_0019fdf8_0x19fdf8.cpp
1588,1640760,1642272,1508,2,0,False,FUN_00190938_0x190938.cpp
1540,1108624,1110092,1460,2,0,False,FUN_0010ea90_0x10ea90.cpp
1504,1102776,1104208,1424,2,0,False,FUN_0010d3b8_0x10d3b8.cpp
1488,2377216,2377268,48,36,0,True,FUN_00244600_0x244600.cpp
1468,1113224,1114616,1388,2,0,False,FUN_0010fc88_0x10fc88.cpp
1464,1285160,1286552,1384,2,0,False,FUN_00139c28_0x139c28.cpp
1448,2503800,2505176,1368,2,0,False,FUN_00263478_0x263478.cpp
1436,1101416,1102776,1356,2,0,False,FUN_0010ce68_0x10ce68.cpp
1408,1094792,1096124,1328,2,0,False,FUN_0010b488_0x10b488.cpp
1396,2251592,2252916,1316,2,0,False,FUN_00225b48_0x225b48.cpp
1368,2183760,2185052,1288,2,0,False,FUN_00215250_0x215250.cpp
1316,1100176,1101416,1236,2,0,False,FUN_0010c990_0x10c990.cpp
1296,1184040,1185264,1216,2,0,False,FUN_00121128_0x121128.cpp
1176,1951272,1952372,1096,2,0,False,FUN_001dc628_0x1dc628.cpp
1104,1709568,1710600,1024,2,0,False,FUN_001a1600_0x1a1600.cpp
1092,1629576,1630592,1012,2,0,False,FUN_0018dd88_0x18dd88.cpp
1064,2453152,2454144,984,2,0,False,FUN_00256ea0_0x256ea0.cpp
1044,1692616,1693588,964,2,0,False,FUN_0019d3c8_0x19d3c8.cpp
1040,1628608,1629572,960,2,0,False,FUN_0018d9c0_0x18d9c0.cpp
1036,2452192,2453152,956,2,0,False,FUN_00256ae0_0x256ae0.cpp
1016,2706752,2707156,396,3,500,True,FUN_00294d40_0x294d40.cpp
1012,2334720,2335616,892,3,0,False,FUN_0023a000_0x23a000.cpp
1008,2206664,2207640,968,1,0,False,FUN_0021abc8_0x21abc8.cpp
992,1523512,1524432,912,2,0,False,FUN_00173f38_0x173f38.cpp
984,1448416,1449328,904,2,0,False,FUN_001619e0_0x1619e0.cpp
976,1717400,1718300,896,2,0,False,FUN_001a3498_0x1a3498.cpp
964,1075112,1076000,884,2,0,False,FUN_001067a8_0x1067a8.cpp
964,2034320,2035212,884,2,0,False,FUN_001f0a90_0x1f0a90.cpp
960,1695120,1696048,920,1,0,False,FUN_0019dd90_0x19dd90.cpp
960,1714952,1715836,880,2,0,False,FUN_001a2b08_0x1a2b08.cpp
952,1661656,1662416,752,5,0,False,FUN_00195ad8_0x195ad8.cpp
940,1267112,1267976,860,2,0,False,FUN_001355a8_0x1355a8.cpp
940,1670224,1671092,860,2,0,False,FUN_00197c50_0x197c50.cpp
940,2714192,2714520,320,3,500,True,FUN_00296a50_0x296a50.cpp
932,2423480,2424336,852,2,0,False,FUN_0024fab8_0x24fab8.cpp
932,2425632,2426488,852,2,0,False,FUN_00250320_0x250320.cpp
932,2429320,2430176,852,2,0,False,FUN_00251188_0x251188.cpp
928,2033464,2034320,848,2,0,False,FUN_001f0738_0x1f0738.cpp
924,1698960,1699768,804,3,0,False,FUN_0019ec90_0x19ec90.cpp
908,2468472,2469308,828,2,0,False,FUN_0025aa78_0x25aa78.cpp
896,1607752,1608576,816,2,0,False,FUN_00188848_0x188848.cpp
872,1166424,1167224,792,2,0,False,FUN_0011cc58_0x11cc58.cpp
872,1259424,1260224,792,2,0,False,FUN_001337a0_0x1337a0.cpp
868,1646064,1646860,788,2,0,False,FUN_00191df0_0x191df0.cpp
856,1669336,1670120,776,2,0,False,FUN_001978d8_0x1978d8.cpp
848,1387296,1388068,768,2,0,False,FUN_00152b20_0x152b20.cpp
848,2516544,2517320,768,2,0,False,FUN_00266640_0x266640.cpp
828,1294416,1295172,748,2,0,False,FUN_0013c050_0x13c050.cpp
808,1714216,1714948,728,2,0,False,FUN_001a2828_0x1a2828.cpp
804,2705808,2705956,144,4,500,True,FUN_00294990_0x294990.cpp
788,2727176,2727852,668,3,0,False,FUN_00299d08_0x299d08.cpp
784,2715736,2715944,204,2,500,True,FUN_00297058_0x297058.cpp
776,2715464,2715668,196,2,500,False,FUN_00296f48_0x296f48.cpp
740,2308936,2309600,660,2,0,False,FUN_00233b48_0x233b48.cpp
740,2716096,2716300,200,1,500,True,FUN_002971c0_0x2971c0.cpp
724,1688104,1688756,644,2,0,False,FUN_0019c228_0x19c228.cpp
720,1257424,1258068,640,2,0,False,FUN_00132fd0_0x132fd0.cpp
720,1683776,1684420,640,2,0,False,FUN_0019b140_0x19b140.cpp
720,1744584,1745232,640,2,0,False,FUN_001a9ec8_0x1a9ec8.cpp
716,2304632,2305272,636,2,0,False,FUN_00232a78_0x232a78.cpp
716,2445152,2445792,636,2,0,False,FUN_00254f60_0x254f60.cpp
704,1627976,1628604,624,2,0,False,FUN_0018d748_0x18d748.cpp
692,1694536,1695116,572,3,0,False,FUN_0019db48_0x19db48.cpp
692,2396160,2396216,52,16,0,False,FUN_00249000_0x249000.cpp
688,1745272,1745888,608,2,0,False,FUN_001aa178_0x1aa178.cpp
680,1355368,1355976,600,2,0,False,FUN_0014ae68_0x14ae68.cpp
680,2344352,2344400,40,16,0,False,FUN_0023c5a0_0x23c5a0.cpp
680,2536296,2536904,600,2,0,False,FUN_0026b368_0x26b368.cpp
676,2345656,2345736,76,15,0,False,FUN_0023cab8_0x23cab8.cpp
676,2462656,2462736,76,15,0,False,FUN_002593c0_0x2593c0.cpp
672,2413720,2414316,592,2,0,False,FUN_0024d498_0x24d498.cpp
664,1178704,1179296,584,2,0,False,FUN_0011fc50_0x11fc50.cpp
660,2210400,2211028,620,1,0,False,FUN_0021ba60_0x21ba60.cpp
648,1648016,1648592,568,2,0,False,FUN_00192590_0x192590.cpp
644,2511824,2512396,564,2,0,False,FUN_002653d0_0x2653d0.cpp
636,2715672,2715736,56,2,500,False,FUN_00297018_0x297018.cpp
632,2447624,2448180,552,2,0,False,FUN_00255908_0x255908.cpp
628,1288024,1288536,508,3,0,False,FUN_0013a758_0x13a758.cpp
624,2414320,2414868,544,2,0,False,FUN_0024d6f0_0x24d6f0.cpp
620,1753400,1753944,540,2,0,False,FUN_001ac138_0x1ac138.cpp
616,2706544,2706584,36,2,500,True,FUN_00294c70_0x294c70.cpp
608,1675416,1675948,528,2,0,False,FUN_00199098_0x199098.cpp
604,1522208,1522740,524,2,0,False,FUN_00173a20_0x173a20.cpp
596,1713120,1713640,516,2,0,False,FUN_001a23e0_0x1a23e0.cpp
596,1715840,1716360,516,2,0,False,FUN_001a2e80_0x1a2e80.cpp
596,2199512,2200036,516,2,0,False,FUN_00218fd8_0x218fd8.cpp
592,2204728,2205284,552,1,0,False,FUN_0021a438_0x21a438.cpp
588,2411976,2412488,508,2,0,False,FUN_0024cdc8_0x24cdc8.cpp
584,2512816,2513328,504,2,0,False,FUN_002657b0_0x2657b0.cpp
584,2513744,2514256,504,2,0,False,FUN_00265b50_0x265b50.cpp
580,2440472,2440976,500,2,0,False,FUN_00253d18_0x253d18.cpp
580,2451688,2452192,500,2,0,False,FUN_002568e8_0x2568e8.cpp
580,2515256,2515764,500,2,0,False,FUN_00266138_0x266138.cpp
576,1188912,1189452,536,1,0,False,FUN_00122430_0x122430.cpp
576,1258072,1258576,496,2,0,False,FUN_00133258_0x133258.cpp
572,2208016,2208556,532,1,0,False,FUN_0021b110_0x21b110.cpp
572,2368336,2368432,92,12,0,False,FUN_00242350_0x242350.cpp
568,1749264,1749760,488,2,0,False,FUN_001ab110_0x1ab110.cpp
556,1092288,1092808,516,1,0,False,FUN_0010aac0_0x10aac0.cpp
556,2646536,2647020,476,2,0,False,FUN_00286208_0x286208.cpp
552,1636656,1637132,472,2,0,False,FUN_0018f930_0x18f930.cpp
548,2406416,2406892,468,2,0,False,FUN_0024b810_0x24b810.cpp
548,2415768,2416240,468,2,0,False,FUN_0024dc98_0x24dc98.cpp
548,2438408,2438880,468,2,0,False,FUN_00253508_0x253508.cpp
548,2442472,2442944,468,2,0,False,FUN_002544e8_0x2544e8.cpp
548,2449616,2450088,468,2,0,False,FUN_002560d0_0x2560d0.cpp
548,2646056,2646532,468,2,0,False,FUN_00286028_0x286028.cpp
540,2439336,2439800,460,2,0,False,FUN_002538a8_0x2538a8.cpp
532,1842688,1843144,452,2,0,False,FUN_001c1e00_0x1c1e00.cpp
532,2438880,2439336,452,2,0,False,FUN_002536e0_0x2536e0.cpp
528,2350536,2350832,288,6,0,False,FUN_0023ddc8_0x23ddc8.cpp
524,2408592,2409040,444,2,0,False,FUN_0024c090_0x24c090.cpp
520,2531960,2532408,440,2,0,False,FUN_0026a278_0x26a278.cpp
516,2441408,2441848,436,2,0,False,FUN_002540c0_0x2540c0.cpp
512,1498048,1498488,432,2,0,False,FUN_0016dbc0_0x16dbc0.cpp
512,2582464,2582824,352,4,0,False,FUN_002767c0_0x2767c0.cpp
508,2404232,2404664,428,2,0,False,FUN_0024af88_0x24af88.cpp
508,2437368,2437800,428,2,0,False,FUN_002530f8_0x2530f8.cpp
508,2440976,2441408,428,2,0,False,FUN_00253f10_0x253f10.cpp
508,2448608,2449040,428,2,0,False,FUN_00255ce0_0x255ce0.cpp
504,2662696,2662724,24,12,0,False,FUN_0028a128_0x28a128.cpp
500,2416240,2416664,420,2,0,False,FUN_0024de70_0x24de70.cpp
500,2436944,2437368,420,2,0,False,FUN_00252f50_0x252f50.cpp
500,2448184,2448608,420,2,0,False,FUN_00255b38_0x255b38.cpp
492,2409560,2409976,412,2,0,False,FUN_0024c458_0x24c458.cpp
488,1262952,1263368,408,2,0,False,FUN_00134568_0x134568.cpp
488,2309744,2310156,408,2,0,False,FUN_00233e70_0x233e70.cpp
484,1415288,1415696,404,2,0,False,FUN_00159878_0x159878.cpp
480,2402568,2402972,400,2,0,False,FUN_0024a908_0x24a908.cpp
480,2405072,2405476,400,2,0,False,FUN_0024b2d0_0x24b2d0.cpp
480,2409040,2409444,400,2,0,False,FUN_0024c250_0x24c250.cpp
476,2412896,2413296,396,2,0,False,FUN_0024d160_0x24d160.cpp
472,2388416,2388772,352,3,0,False,FUN_002471c0_0x2471c0.cpp
464,1687712,1688104,384,2,0,False,FUN_0019c0a0_0x19c0a0.cpp
456,1632232,1632616,376,2,0,False,FUN_0018e7e8_0x18e7e8.cpp
456,2389984,2390364,376,2,0,False,FUN_002477e0_0x2477e0.cpp
456,2397000,2397380,376,2,0,False,FUN_00249348_0x249348.cpp
456,2417560,2417940,376,2,0,False,FUN_0024e398_0x24e398.cpp
452,1146776,1147152,372,2,0,False,FUN_00117f98_0x117f98.cpp
448,2409976,2410348,368,2,0,False,FUN_0024c5f8_0x24c5f8.cpp
440,2376344,2376392,40,10,0,False,FUN_00244298_0x244298.cpp
440,2407792,2408156,360,2,0,False,FUN_0024bd70_0x24bd70.cpp
440,2431512,2431876,360,2,0,False,FUN_00251a18_0x251a18.cpp
436,2402976,2403336,356,2,0,False,FUN_0024aaa0_0x24aaa0.cpp
432,1671728,1672088,352,2,0,False,FUN_00198230_0x198230.cpp
432,2384592,2384948,352,2,0,False,FUN_002462d0_0x2462d0.cpp
432,2385376,2385732,352,2,0,False,FUN_002465e0_0x2465e0.cpp
432,2389200,2389556,352,2,0,False,FUN_002474d0_0x2474d0.cpp
432,2392296,2392652,352,2,0,False,FUN_002480e8_0x2480e8.cpp
432,2393080,2393436,352,2,0,False,FUN_002483f8_0x2483f8.cpp
432,2393864,2394220,352,2,0,False,FUN_00248708_0x248708.cpp
432,2394648,2395004,352,2,0,False,FUN_00248a18_0x248a18.cpp
432,2395432,2395788,352,2,0,False,FUN_00248d28_0x248d28.cpp
432,2396216,2396572,352,2,0,False,FUN_00249038_0x249038.cpp
432,2397808,2398164,352,2,0,False,FUN_00249670_0x249670.cpp
432,2398592,2398948,352,2,0,False,FUN_00249980_0x249980.cpp
432,2399376,2399732,352,2,0,False,FUN_00249c90_0x249c90.cpp
432,2400160,2400516,352,2,0,False,FUN_00249fa0_0x249fa0.cpp
432,2400944,2401300,352,2,0,False,FUN_0024a2b0_0x24a2b0.cpp
432,2403448,2403804,352,2,0,False,FUN_0024ac78_0x24ac78.cpp
432,2407008,2407364,352,2,0,False,FUN_0024ba60_0x24ba60.cpp
432,2410464,2410820,352,2,0,False,FUN_0024c7e0_0x24c7e0.cpp
432,2411192,2411548,352,2,0,False,FUN_0024cab8_0x24cab8.cpp
432,2414984,2415340,352,2,0,False,FUN_0024d988_0x24d988.cpp
432,2416776,2417132,352,2,0,False,FUN_0024e088_0x24e088.cpp
432,2534488,2534848,352,2,0,False,FUN_0026ac58_0x26ac58.cpp
428,1176224,1176576,348,2,0,False,FUN_0011f2a0_0x11f2a0.cpp
428,1400944,1401300,348,2,0,False,FUN_00156070_0x156070.cpp
420,1705888,1706232,340,2,0,False,FUN_001a07a0_0x1a07a0.cpp
420,2210008,2210396,380,1,0,False,FUN_0021b8d8_0x21b8d8.cpp
420,2386160,2386504,340,2,0,False,FUN_002468f0_0x2468f0.cpp
420,2386912,2387256,340,2,0,False,FUN_00246be0_0x246be0.cpp
420,2387664,2388008,340,2,0,False,FUN_00246ed0_0x246ed0.cpp
420,2390792,2391136,340,2,0,False,FUN_00247b08_0x247b08.cpp
420,2391544,2391888,340,2,0,False,FUN_00247df8_0x247df8.cpp
412,1225064,1225400,332,2,0,False,FUN_0012b168_0x12b168.cpp
412,1676712,1677008,292,3,0,False,FUN_001995a8_0x1995a8.cpp
412,2388008,2388304,292,3,0,False,FUN_00247028_0x247028.cpp
408,2402120,2402456,328,2,0,False,FUN_0024a748_0x24a748.cpp
408,2422560,2422892,328,2,0,False,FUN_0024f720_0x24f720.cpp
408,2424472,2424804,328,2,0,False,FUN_0024fe98_0x24fe98.cpp
408,2427848,2428180,328,2,0,False,FUN_00250bc8_0x250bc8.cpp
408,2433392,2433724,328,2,0,False,FUN_00252170_0x252170.cpp
408,2435240,2435572,328,2,0,False,FUN_002528a8_0x2528a8.cpp
404,2206288,2206660,364,1,0,False,FUN_0021aa50_0x21aa50.cpp
404,2207640,2208012,364,1,0,False,FUN_0021af98_0x21af98.cpp
400,1548032,1548276,240,4,0,False,FUN_00179f00_0x179f00.cpp
400,1802320,1802644,320,2,0,False,FUN_001b8050_0x1b8050.cpp
396,1993944,1994264,316,2,0,False,FUN_001e6cd8_0x1e6cd8.cpp
396,2376216,2376300,76,8,0,False,FUN_00244218_0x244218.cpp
396,2408160,2408480,316,2,0,False,FUN_0024bee0_0x24bee0.cpp
392,2477848,2478164,312,2,0,False,FUN_0025cf18_0x25cf18.cpp
392,2590664,2590984,312,2,0,False,FUN_002787c8_0x2787c8.cpp
388,1565504,1565816,308,2,0,False,FUN_0017e340_0x17e340.cpp
388,1678448,1678760,308,2,0,False,FUN_00199c70_0x199c70.cpp
384,2384952,2385260,304,2,0,False,FUN_00246438_0x246438.cpp
384,2385736,2386044,304,2,0,False,FUN_00246748_0x246748.cpp
384,2388776,2389084,304,2,0,False,FUN_00247328_0x247328.cpp
384,2389560,2389868,304,2,0,False,FUN_00247638_0x247638.cpp
384,2390368,2390676,304,2,0,False,FUN_00247960_0x247960.cpp
384,2392656,2392964,304,2,0,False,FUN_00248250_0x248250.cpp
384,2393440,2393748,304,2,0,False,FUN_00248560_0x248560.cpp
384,2394224,2394532,304,2,0,False,FUN_00248870_0x248870.cpp
384,2395008,2395316,304,2,0,False,FUN_00248b80_0x248b80.cpp
384,2395792,2396100,304,2,0,False,FUN_00248e90_0x248e90.cpp
384,2396576,2396884,304,2,0,False,FUN_002491a0_0x2491a0.cpp
384,2397384,2397692,304,2,0,False,FUN_002494c8_0x2494c8.cpp
384,2398168,2398476,304,2,0,False,FUN_002497d8_0x2497d8.cpp
384,2398952,2399260,304,2,0,False,FUN_00249ae8_0x249ae8.cpp
384,2399736,2400044,304,2,0,False,FUN_00249df8_0x249df8.cpp
384,2400520,2400828,304,2,0,False,FUN_0024a108_0x24a108.cpp
384,2401304,2401612,304,2,0,False,FUN_0024a418_0x24a418.cpp
384,2403808,2404116,304,2,0,False,FUN_0024ade0_0x24ade0.cpp
384,2407368,2407676,304,2,0,False,FUN_0024bbc8_0x24bbc8.cpp
384,2410824,2411132,304,2,0,False,FUN_0024c948_0x24c948.cpp
384,2411552,2411860,304,2,0,False,FUN_0024cc20_0x24cc20.cpp
384,2413296,2413604,304,2,0,False,FUN_0024d2f0_0x24d2f0.cpp
384,2415344,2415652,304,2,0,False,FUN_0024daf0_0x24daf0.cpp
384,2417136,2417444,304,2,0,False,FUN_0024e1f0_0x24e1f0.cpp
384,2417944,2418252,304,2,0,False,FUN_0024e518_0x24e518.cpp
384,2431880,2432188,304,2,0,False,FUN_00251b88_0x251b88.cpp
376,1257120,1257424,296,2,0,False,FUN_00132ea0_0x132ea0.cpp
372,1652384,1652680,292,2,0,False,FUN_001936a0_0x1936a0.cpp
372,2301192,2301488,292,2,0,False,FUN_00231d08_0x231d08.cpp
372,2386504,2386800,292,2,0,False,FUN_00246a48_0x246a48.cpp
372,2387256,2387552,292,2,0,False,FUN_00246d38_0x246d38.cpp
372,2391136,2391432,292,2,0,False,FUN_00247c60_0x247c60.cpp
372,2391888,2392184,292,2,0,False,FUN_00247f50_0x247f50.cpp
372,2404664,2404960,292,2,0,False,FUN_0024b138_0x24b138.cpp
372,2405480,2405776,292,2,0,False,FUN_0024b468_0x24b468.cpp
372,2412488,2412784,292,2,0,False,FUN_0024cfc8_0x24cfc8.cpp
368,1764568,1764904,328,1,0,False,FUN_001aecd8_0x1aecd8.cpp
368,1937352,1937648,288,2,0,False,FUN_001d8fc8_0x1d8fc8.cpp
368,2378128,2378424,288,2,0,False,FUN_00244990_0x244990.cpp
368,2543392,2543684,288,2,0,False,FUN_0026cf20_0x26cf20.cpp
368,2543688,2543980,288,2,0,False,FUN_0026d048_0x26d048.cpp
364,1608576,1608864,284,2,0,False,FUN_00188b80_0x188b80.cpp
356,2357672,2357956,276,2,0,False,FUN_0023f9a8_0x23f9a8.cpp
356,2729432,2729672,236,3,0,False,FUN_0029a5d8_0x29a5d8.cpp
352,2531840,2531956,112,6,0,False,FUN_0026a200_0x26a200.cpp
348,2160760,2161036,268,2,0,False,FUN_0020f878_0x20f878.cpp
340,1073656,1073960,300,1,0,False,FUN_001061f8_0x1061f8.cpp
340,1548960,1549184,220,3,0,False,FUN_0017a2a0_0x17a2a0.cpp
340,1627712,1627976,260,2,0,False,FUN_0018d640_0x18d640.cpp
340,1630592,1630860,260,2,0,False,FUN_0018e180_0x18e180.cpp
332,1625224,1625520,292,1,0,False,FUN_0018cc88_0x18cc88.cpp
332,2302488,2302744,252,2,0,False,FUN_00232218_0x232218.cpp
332,2303912,2304168,252,2,0,False,FUN_002327a8_0x2327a8.cpp
332,2357416,2357672,252,2,0,False,FUN_0023f8a8_0x23f8a8.cpp
332,2592728,2592868,132,5,0,False,FUN_00278fd8_0x278fd8.cpp
328,1752440,1752692,248,2,0,False,FUN_001abd78_0x1abd78.cpp
328,2353144,2353440,288,1,0,False,FUN_0023e7f8_0x23e7f8.cpp
328,2365168,2365464,288,1,0,False,FUN_002416f0_0x2416f0.cpp
328,2365464,2365760,288,1,0,False,FUN_00241818_0x241818.cpp
328,2366184,2366480,288,1,0,False,FUN_00241ae8_0x241ae8.cpp
328,2467496,2467792,288,1,0,False,FUN_0025a6a8_0x25a6a8.cpp
328,2467792,2468088,288,1,0,False,FUN_0025a7d0_0x25a7d0.cpp
324,1268192,1268444,244,2,0,False,FUN_001359e0_0x1359e0.cpp
324,2337056,2337344,284,1,0,False,FUN_0023a920_0x23a920.cpp
320,1094544,1094792,240,2,0,False,FUN_0010b390_0x10b390.cpp
316,2106792,2107036,236,2,0,False,FUN_002025a8_0x2025a8.cpp
312,2086888,2087124,232,2,0,False,FUN_001fd7e8_0x1fd7e8.cpp
312,2300952,2301188,232,2,0,False,FUN_00231c18_0x231c18.cpp
308,1288536,1288808,268,1,0,False,FUN_0013a958_0x13a958.cpp
308,2086648,2086884,228,2,0,False,FUN_001fd6f8_0x1fd6f8.cpp
308,2136520,2136752,228,2,0,False,FUN_002099c8_0x2099c8.cpp
308,2297192,2297424,228,2,0,False,FUN_00230d68_0x230d68.cpp
308,2349056,2349208,148,4,0,False,FUN_0023d800_0x23d800.cpp
304,1603456,1603688,224,2,0,False,FUN_00187780_0x187780.cpp
304,1841856,1842088,224,2,0,False,FUN_001c1ac0_0x1c1ac0.cpp
304,2346928,2347116,184,3,0,False,FUN_0023cfb0_0x23cfb0.cpp
304,2583584,2583732,144,4,0,False,FUN_00276c20_0x276c20.cpp
304,2590984,2591216,224,2,0,False,FUN_00278908_0x278908.cpp
300,1165712,1165936,220,2,0,False,FUN_0011c990_0x11c990.cpp
300,2136952,2137180,220,2,0,False,FUN_00209b78_0x209b78.cpp
300,2137368,2137596,220,2,0,False,FUN_00209d18_0x209d18.cpp
300,2341328,2341596,260,1,0,False,FUN_0023b9d0_0x23b9d0.cpp
296,1260408,1260628,216,2,0,False,FUN_00133b78_0x133b78.cpp
296,1627048,1627272,216,2,0,False,FUN_0018d3a8_0x18d3a8.cpp
296,1652056,1652280,216,2,0,False,FUN_00193558_0x193558.cpp
296,2363440,2363660,216,2,0,False,FUN_00241030_0x241030.cpp
292,1523024,1523244,212,2,0,False,FUN_00173d50_0x173d50.cpp
292,1882704,1882924,212,2,0,False,FUN_001cba50_0x1cba50.cpp
288,1169808,1170020,208,2,0,False,FUN_0011d990_0x11d990.cpp
288,1267976,1268192,208,2,0,False,FUN_00135908_0x135908.cpp
288,1384224,1384436,208,2,0,False,FUN_00151f20_0x151f20.cpp
288,1674952,1675164,208,2,0,False,FUN_00198ec8_0x198ec8.cpp
288,1675200,1675412,208,2,0,False,FUN_00198fc0_0x198fc0.cpp
288,2308304,2308516,208,2,0,False,FUN_002338d0_0x2338d0.cpp
288,2344840,2344936,88,5,0,False,FUN_0023c788_0x23c788.cpp
284,1165112,1165280,164,3,0,False,FUN_0011c738_0x11c738.cpp
284,1431384,1431592,204,2,0,False,FUN_0015d758_0x15d758.cpp
284,1525256,1525464,204,2,0,False,FUN_00174608_0x174608.cpp
284,1603240,1603452,204,2,0,False,FUN_001876a8_0x1876a8.cpp
284,1687496,1687708,204,2,0,False,FUN_0019bfc8_0x19bfc8.cpp
280,1488976,1489144,160,3,0,False,FUN_0016b850_0x16b850.cpp
280,2136312,2136516,200,2,0,False,FUN_002098f8_0x2098f8.cpp
280,2593024,2593268,240,1,0,False,FUN_00279100_0x279100.cpp
276,1074904,1075108,196,2,0,False,FUN_001066d8_0x1066d8.cpp
272,1146464,1146660,192,2,0,False,FUN_00117e60_0x117e60.cpp
272,1203304,1203460,152,3,0,False,FUN_00125c68_0x125c68.cpp
272,1833768,1833928,152,3,0,False,FUN_001bfb28_0x1bfb28.cpp
272,2336816,2337056,232,1,0,False,FUN_0023a830_0x23a830.cpp
268,1634256,1634452,188,2,0,False,FUN_0018efd0_0x18efd0.cpp
268,1716360,1716552,188,2,0,False,FUN_001a3088_0x1a3088.cpp
268,2347976,2348172,188,2,0,False,FUN_0023d3c8_0x23d3c8.cpp
264,1497856,1498048,184,2,0,False,FUN_0016db00_0x16db00.cpp
264,1548280,1548512,224,1,0,False,FUN_00179ff8_0x179ff8.cpp
264,2426920,2427108,184,2,0,False,FUN_00250828_0x250828.cpp
264,2463408,2463636,224,1,0,False,FUN_002596b0_0x2596b0.cpp
260,1260224,1260408,180,2,0,False,FUN_00133ac0_0x133ac0.cpp
260,1262480,1262664,180,2,0,False,FUN_00134390_0x134390.cpp
260,1522744,1522932,180,2,0,False,FUN_00173c38_0x173c38.cpp
260,1706584,1706772,180,2,0,False,FUN_001a0a58_0x1a0a58.cpp
260,2308584,2308772,180,2,0,False,FUN_002339e8_0x2339e8.cpp
260,2339536,2339600,60,5,0,False,FUN_0023b2d0_0x23b2d0.cpp
260,2383168,2383356,180,2,0,False,FUN_00245d40_0x245d40.cpp
260,2383360,2383548,180,2,0,False,FUN_00245e00_0x245e00.cpp
260,2383992,2384180,180,2,0,False,FUN_00246078_0x246078.cpp
260,2384184,2384372,180,2,0,False,FUN_00246138_0x246138.cpp
256,1169624,1169804,176,2,0,False,FUN_0011d8d8_0x11d8d8.cpp
256,1384040,1384220,176,2,0,False,FUN_00151e68_0x151e68.cpp
256,1496472,1496652,176,2,0,False,FUN_0016d598_0x16d598.cpp
256,1497040,1497220,176,2,0,False,FUN_0016d7d0_0x16d7d0.cpp
256,1687312,1687496,176,2,0,False,FUN_0019bf10_0x19bf10.cpp
256,1706232,1706416,176,2,0,False,FUN_001a08f8_0x1a08f8.cpp
256,2137184,2137368,176,2,0,False,FUN_00209c60_0x209c60.cpp
256,2332504,2332688,176,2,0,False,FUN_00239758_0x239758.cpp
252,1117760,1117936,172,2,0,False,FUN_00110e40_0x110e40.cpp
252,1386664,1386800,132,3,0,False,FUN_001528a8_0x1528a8.cpp
252,1604888,1605064,172,2,0,False,FUN_00187d18_0x187d18.cpp
252,1635712,1635892,172,2,0,False,FUN_0018f580_0x18f580.cpp
252,1799968,1800148,172,2,0,False,FUN_001b7720_0x1b7720.cpp
252,2381912,2382092,172,2,0,False,FUN_00245858_0x245858.cpp
252,2382464,2382644,172,2,0,False,FUN_00245a80_0x245a80.cpp
252,2382648,2382828,172,2,0,False,FUN_00245b38_0x245b38.cpp
252,2382832,2383012,172,2,0,False,FUN_00245bf0_0x245bf0.cpp
252,2516312,2516492,172,2,0,False,FUN_00266558_0x266558.cpp
248,1317616,1317748,128,3,0,False,FUN_00141af0_0x141af0.cpp
248,1401304,1401476,168,2,0,False,FUN_001561d8_0x1561d8.cpp
248,1747184,1747360,168,2,0,False,FUN_001aa8f0_0x1aa8f0.cpp
248,2296424,2296596,168,2,0,False,FUN_00230a68_0x230a68.cpp
248,2324040,2324216,168,2,0,False,FUN_00237648_0x237648.cpp
248,2326840,2327016,168,2,0,False,FUN_00238138_0x238138.cpp
248,2372768,2372864,88,4,0,False,FUN_002434a0_0x2434a0.cpp
248,2420992,2421124,128,3,0,False,FUN_0024f100_0x24f100.cpp
244,1684424,1684592,164,2,0,False,FUN_0019b3c8_0x19b3c8.cpp
244,1744152,1744324,164,2,0,False,FUN_001a9d18_0x1a9d18.cpp
244,1744368,1744540,164,2,0,False,FUN_001a9df0_0x1a9df0.cpp
244,2362640,2362808,164,2,0,False,FUN_00240d10_0x240d10.cpp
244,2419528,2419700,164,2,0,False,FUN_0024eb48_0x24eb48.cpp
244,2420136,2420308,164,2,0,False,FUN_0024eda8_0x24eda8.cpp
244,2420696,2420868,164,2,0,False,FUN_0024efd8_0x24efd8.cpp
244,2421256,2421428,164,2,0,False,FUN_0024f208_0x24f208.cpp
244,2421816,2421988,164,2,0,False,FUN_0024f438_0x24f438.cpp
244,2422376,2422548,164,2,0,False,FUN_0024f668_0x24f668.cpp
244,2423288,2423456,164,2,0,False,FUN_0024f9f8_0x24f9f8.cpp
244,2425456,2425624,164,2,0,False,FUN_00250270_0x250270.cpp
244,2428912,2429080,164,2,0,False,FUN_00250ff0_0x250ff0.cpp
244,2435056,2435228,164,2,0,False,FUN_002527f0_0x2527f0.cpp
240,1149000,1149164,160,2,0,False,FUN_00118848_0x118848.cpp
240,1841440,1841608,160,2,0,False,FUN_001c1920_0x1c1920.cpp
240,1913536,1913704,160,2,0,False,FUN_001d32c0_0x1d32c0.cpp
240,2382296,2382464,160,2,0,False,FUN_002459d8_0x2459d8.cpp
240,2643128,2643172,40,5,0,False,FUN_002854b8_0x2854b8.cpp
236,1732864,1733028,156,2,0,False,FUN_001a7100_0x1a7100.cpp
236,2308776,2308936,156,2,0,False,FUN_00233aa8_0x233aa8.cpp
236,2332336,2332500,156,2,0,False,FUN_002396b0_0x2396b0.cpp
236,2344080,2344240,156,2,0,False,FUN_0023c490_0x23c490.cpp
232,1516472,1516632,152,2,0,False,FUN_001723b8_0x1723b8.cpp
232,1582400,1582560,152,2,0,False,FUN_00182540_0x182540.cpp
232,2337592,2337712,112,3,0,False,FUN_0023ab38_0x23ab38.cpp
228,1162272,1162424,148,2,0,False,FUN_0011bc20_0x11bc20.cpp
228,1496080,1496236,148,2,0,False,FUN_0016d410_0x16d410.cpp
228,2296904,2297056,148,2,0,False,FUN_00230c48_0x230c48.cpp
228,2297424,2297576,148,2,0,False,FUN_00230e50_0x230e50.cpp
228,2305736,2305892,148,2,0,False,FUN_00232ec8_0x232ec8.cpp
228,2372448,2372564,108,3,0,False,FUN_00243360_0x243360.cpp
228,2427112,2427264,148,2,0,False,FUN_002508e8_0x2508e8.cpp
224,1383400,1383472,64,4,0,False,FUN_00151be8_0x151be8.cpp
224,1453696,1453844,144,2,0,False,FUN_00162e80_0x162e80.cpp
224,2341256,2341324,64,4,0,False,FUN_0023b988_0x23b988.cpp
224,2360616,2360644,24,5,0,False,FUN_00240528_0x240528.cpp
224,2382144,2382296,144,2,0,False,FUN_00245940_0x245940.cpp
224,2383016,2383168,144,2,0,False,FUN_00245ca8_0x245ca8.cpp
224,2383688,2383840,144,2,0,False,FUN_00245f48_0x245f48.cpp
224,2383840,2383992,144,2,0,False,FUN_00245fe0_0x245fe0.cpp
224,2384376,2384528,144,2,0,False,FUN_002461f8_0x2461f8.cpp
224,2422896,2423044,144,2,0,False,FUN_0024f870_0x24f870.cpp
224,2424968,2425116,144,2,0,False,FUN_00250088_0x250088.cpp
224,2428424,2428572,144,2,0,False,FUN_00250e08_0x250e08.cpp
224,2435736,2435884,144,2,0,False,FUN_00252a98_0x252a98.cpp
224,2534208,2534360,144,2,0,False,FUN_0026ab40_0x26ab40.cpp
220,1177568,1177712,140,2,0,False,FUN_0011f7e0_0x11f7e0.cpp
220,1582248,1582396,140,2,0,False,FUN_001824a8_0x1824a8.cpp
220,1676384,1676532,140,2,0,False,FUN_00199460_0x199460.cpp
220,1725400,1725504,100,3,0,False,FUN_001a53d8_0x1a53d8.cpp
220,1725872,1725976,100,3,0,False,FUN_001a55b0_0x1a55b0.cpp
220,1726056,1726160,100,3,0,False,FUN_001a5668_0x1a5668.cpp
220,1752712,1752856,140,2,0,False,FUN_001abe88_0x1abe88.cpp
220,2296280,2296424,140,2,0,False,FUN_002309d8_0x2309d8.cpp
220,2300712,2300856,140,2,0,False,FUN_00231b28_0x231b28.cpp
220,2307496,2307640,140,2,0,False,FUN_002335a8_0x2335a8.cpp
220,2308160,2308304,140,2,0,False,FUN_00233840_0x233840.cpp
220,2309600,2309744,140,2,0,False,FUN_00233de0_0x233de0.cpp
220,2310168,2310312,140,2,0,False,FUN_00234018_0x234018.cpp
220,2419256,2419400,140,2,0,False,FUN_0024ea38_0x24ea38.cpp
216,1518944,1519088,136,2,0,False,FUN_00172d60_0x172d60.cpp
216,2330560,2330704,136,2,0,False,FUN_00238fc0_0x238fc0.cpp
216,2330704,2330848,136,2,0,False,FUN_00239050_0x239050.cpp
212,1306472,1306608,132,2,0,False,FUN_0013ef68_0x13ef68.cpp
212,1347800,1347940,132,2,0,False,FUN_001490d8_0x1490d8.cpp
212,1374288,1374424,132,2,0,False,FUN_0014f850_0x14f850.cpp
212,1472328,1472464,132,2,0,False,FUN_00167748_0x167748.cpp
212,1605064,1605200,132,2,0,False,FUN_00187dc8_0x187dc8.cpp
212,1995968,1996108,132,2,0,False,FUN_001e74c0_0x1e74c0.cpp
212,2135968,2136104,132,2,0,False,FUN_002097a0_0x2097a0.cpp
212,2340976,2341076,92,3,0,False,FUN_0023b870_0x23b870.cpp
212,2345896,2345996,92,3,0,False,FUN_0023cba8_0x23cba8.cpp
212,2432256,2432392,132,2,0,False,FUN_00251d00_0x251d00.cpp
212,2432416,2432552,132,2,0,False,FUN_00251da0_0x251da0.cpp
212,2432584,2432720,132,2,0,False,FUN_00251e48_0x251e48.cpp
212,2432744,2432880,132,2,0,False,FUN_00251ee8_0x251ee8.cpp
212,2432904,2433040,132,2,0,False,FUN_00251f88_0x251f88.cpp
212,2433064,2433200,132,2,0,False,FUN_00252028_0x252028.cpp
212,2433224,2433360,132,2,0,False,FUN_002520c8_0x2520c8.cpp
208,1397528,1397664,128,2,0,False,FUN_00155318_0x155318.cpp
208,1543280,1543416,128,2,0,False,FUN_00178c70_0x178c70.cpp
208,1759176,1759308,128,2,0,False,FUN_001ad7c8_0x1ad7c8.cpp
208,2073480,2073612,128,2,0,False,FUN_001fa388_0x1fa388.cpp
208,2279272,2279324,48,4,0,False,FUN_0022c768_0x22c768.cpp
208,2337360,2337456,88,3,0,False,FUN_0023aa50_0x23aa50.cpp
208,2367504,2367676,168,1,0,False,FUN_00242010_0x242010.cpp
208,2418728,2418820,88,3,0,False,FUN_0024e828_0x24e828.cpp
208,2419856,2419988,128,2,0,False,FUN_0024ec90_0x24ec90.cpp
208,2420432,2420564,128,2,0,False,FUN_0024eed0_0x24eed0.cpp
208,2421552,2421684,128,2,0,False,FUN_0024f330_0x24f330.cpp
208,2422112,2422244,128,2,0,False,FUN_0024f560_0x24f560.cpp
208,2434768,2434900,128,2,0,False,FUN_002526d0_0x2526d0.cpp
204,1451168,1451256,84,3,0,False,FUN_001624a0_0x1624a0.cpp
204,2320136,2320268,124,2,0,False,FUN_00236708_0x236708.cpp
204,2383552,2383684,124,2,0,False,FUN_00245ec0_0x245ec0.cpp
204,2446944,2447072,124,2,0,False,FUN_00255660_0x255660.cpp
204,2729032,2729124,84,3,0,False,FUN_0029a448_0x29a448.cpp
200,1516344,1516468,120,2,0,False,FUN_00172338_0x172338.cpp
200,1688872,1689000,120,2,0,False,FUN_0019c528_0x19c528.cpp
200,1689000,1689128,120,2,0,False,FUN_0019c5a8_0x19c5a8.cpp
200,2258696,2258824,120,2,0,False,FUN_00227708_0x227708.cpp
200,2307640,2307764,120,2,0,False,FUN_00233638_0x233638.cpp
200,2330112,2330236,120,2,0,False,FUN_00238e00_0x238e00.cpp
200,2467208,2467292,80,3,0,False,FUN_0025a588_0x25a588.cpp
200,2663480,2663608,120,2,0,False,FUN_0028a438_0x28a438.cpp
196,1269616,1269696,76,3,0,False,FUN_00135f70_0x135f70.cpp
196,1383472,1383636,156,1,0,False,FUN_00151c30_0x151c30.cpp
196,1597928,1598052,116,2,0,False,FUN_001861e8_0x1861e8.cpp
196,2089176,2089300,116,2,0,False,FUN_001fe0d8_0x1fe0d8.cpp
196,2253720,2253844,116,2,0,False,FUN_00226398_0x226398.cpp
196,2333432,2333476,36,4,0,False,FUN_00239af8_0x239af8.cpp
196,2348248,2348368,116,2,0,False,FUN_0023d4d8_0x23d4d8.cpp
196,2502224,2502308,76,3,0,False,FUN_00262e50_0x262e50.cpp
196,2534360,2534484,116,2,0,False,FUN_0026abd8_0x26abd8.cpp
196,2536168,2536292,116,2,0,False,FUN_0026b2e8_0x26b2e8.cpp
192,1282472,1282592,112,2,0,False,FUN_001391a8_0x1391a8.cpp
192,1295176,1295296,112,2,0,False,FUN_0013c348_0x13c348.cpp
192,1582128,1582248,112,2,0,False,FUN_00182430_0x182430.cpp
192,2153600,2153720,112,2,0,False,FUN_0020dc80_0x20dc80.cpp
192,2175864,2175984,112,2,0,False,FUN_00213378_0x213378.cpp
192,2182416,2182536,112,2,0,False,FUN_00214d10_0x214d10.cpp
192,2212712,2212832,112,2,0,False,FUN_0021c368_0x21c368.cpp
192,2238760,2238880,112,2,0,False,FUN_00222928_0x222928.cpp
192,2475520,2475600,72,3,0,False,FUN_0025c600_0x25c600.cpp
188,1091848,1091960,108,2,0,False,FUN_0010a908_0x10a908.cpp
188,1567440,1567552,108,2,0,False,FUN_0017ead0_0x17ead0.cpp
188,1597808,1597924,108,2,0,False,FUN_00186170_0x186170.cpp
188,2276880,2276996,108,2,0,False,FUN_0022be10_0x22be10.cpp
188,2330000,2330112,108,2,0,False,FUN_00238d90_0x238d90.cpp
188,2469928,2470044,108,2,0,False,FUN_0025b028_0x25b028.cpp
188,2470216,2470332,108,2,0,False,FUN_0025b148_0x25b148.cpp
188,2470504,2470620,108,2,0,False,FUN_0025b268_0x25b268.cpp
184,1405928,1406040,104,2,0,False,FUN_001573e8_0x1573e8.cpp
184,1688760,1688872,104,2,0,False,FUN_0019c4b8_0x19c4b8.cpp
184,1689312,1689424,104,2,0,False,FUN_0019c6e0_0x19c6e0.cpp
184,1708936,1709088,144,1,0,False,FUN_001a1388_0x1a1388.cpp
184,1791896,1792008,104,2,0,False,FUN_001b5798_0x1b5798.cpp
184,1841608,1841720,104,2,0,False,FUN_001c19c8_0x1c19c8.cpp
184,2329168,2329280,104,2,0,False,FUN_00238a50_0x238a50.cpp
184,2357304,2357416,104,2,0,False,FUN_0023f838_0x23f838.cpp
180,1227976,1228080,100,2,0,False,FUN_0012bcc8_0x12bcc8.cpp
180,1652280,1652384,100,2,0,False,FUN_00193638_0x193638.cpp
180,1689424,1689532,100,2,0,False,FUN_0019c750_0x19c750.cpp
180,1689536,1689644,100,2,0,False,FUN_0019c7c0_0x19c7c0.cpp
180,2136104,2136208,100,2,0,False,FUN_00209828_0x209828.cpp
180,2329280,2329388,100,2,0,False,FUN_00238ac0_0x238ac0.cpp
180,2592872,2593020,140,1,0,False,FUN_00279068_0x279068.cpp
180,2634360,2634464,100,2,0,False,FUN_00283278_0x283278.cpp
176,1168584,1168688,96,2,0,False,FUN_0011d4c8_0x11d4c8.cpp
176,1670120,1670220,96,2,0,False,FUN_00197be8_0x197be8.cpp
176,1692512,1692616,96,2,0,False,FUN_0019d360_0x19d360.cpp
176,2136208,2136308,96,2,0,False,FUN_00209890_0x209890.cpp
176,2158440,2158584,136,1,0,False,FUN_0020ef68_0x20ef68.cpp
176,2419416,2419516,96,2,0,False,FUN_0024ead8_0x24ead8.cpp
176,2505248,2505352,96,2,0,False,FUN_00263a20_0x263a20.cpp
172,1397424,1397524,92,2,0,False,FUN_001552b0_0x1552b0.cpp
172,1432144,1432244,92,2,0,False,FUN_0015da50_0x15da50.cpp
172,1451256,1451396,132,1,0,False,FUN_001624f8_0x1624f8.cpp
172,1904304,1904404,92,2,0,False,FUN_001d0eb0_0x1d0eb0.cpp
172,2283368,2283504,132,1,0,False,FUN_0022d768_0x22d768.cpp
172,2345472,2345572,92,2,0,False,FUN_0023ca00_0x23ca00.cpp
172,2376112,2376212,92,2,0,False,FUN_002441b0_0x2441b0.cpp
172,2418408,2418504,92,2,0,False,FUN_0024e6e8_0x24e6e8.cpp
172,2418824,2418920,92,2,0,False,FUN_0024e888_0x24e888.cpp
172,2421152,2421248,92,2,0,False,FUN_0024f1a0_0x24f1a0.cpp
172,2421712,2421808,92,2,0,False,FUN_0024f3d0_0x24f3d0.cpp
172,2422272,2422368,92,2,0,False,FUN_0024f600_0x24f600.cpp
172,2434960,2435056,92,2,0,False,FUN_00252790_0x252790.cpp
172,2461848,2461948,92,2,0,False,FUN_00259098_0x259098.cpp
172,2467072,2467172,92,2,0,False,FUN_0025a500_0x25a500.cpp
172,2472952,2473052,92,2,0,False,FUN_0025bbf8_0x25bbf8.cpp
172,2473104,2473204,92,2,0,False,FUN_0025bc90_0x25bc90.cpp
172,2480024,2480124,92,2,0,False,FUN_0025d798_0x25d798.cpp
168,1166192,1166288,88,2,0,False,FUN_0011cb70_0x11cb70.cpp
168,1238120,1238216,88,2,0,False,FUN_0012e468_0x12e468.cpp
168,1383944,1384040,88,2,0,False,FUN_00151e08_0x151e08.cpp
168,1432408,1432500,88,2,0,False,FUN_0015db58_0x15db58.cpp
168,1625152,1625204,48,3,0,False,FUN_0018cc40_0x18cc40.cpp
168,1845240,1845332,88,2,0,False,FUN_001c27f8_0x1c27f8.cpp
168,2060848,2060944,88,2,0,False,FUN_001f7230_0x1f7230.cpp
168,2153720,2153812,88,2,0,False,FUN_0020dcf8_0x20dcf8.cpp
168,2277992,2278044,48,3,0,False,FUN_0022c268_0x22c268.cpp
168,2278432,2278484,48,3,0,False,FUN_0022c420_0x22c420.cpp
168,2278872,2278924,48,3,0,False,FUN_0022c5d8_0x22c5d8.cpp
168,2296120,2296172,48,3,0,False,FUN_00230938_0x230938.cpp
168,2296808,2296900,88,2,0,False,FUN_00230be8_0x230be8.cpp
168,2300360,2300452,88,2,0,False,FUN_002319c8_0x2319c8.cpp
168,2300856,2300948,88,2,0,False,FUN_00231bb8_0x231bb8.cpp
168,2302392,2302484,88,2,0,False,FUN_002321b8_0x2321b8.cpp
168,2303816,2303908,88,2,0,False,FUN_00232748_0x232748.cpp
168,2322536,2322632,88,2,0,False,FUN_00237068_0x237068.cpp
168,2329072,2329168,88,2,0,False,FUN_002389f0_0x2389f0.cpp
168,2367368,2367500,128,1,0,False,FUN_00241f88_0x241f88.cpp
168,2418312,2418404,88,2,0,False,FUN_0024e688_0x24e688.cpp
168,2420032,2420124,88,2,0,False,FUN_0024ed40_0x24ed40.cpp
168,2420592,2420684,88,2,0,False,FUN_0024ef70_0x24ef70.cpp
168,2463952,2464048,88,2,0,False,FUN_002598d0_0x2598d0.cpp
168,2464048,2464144,88,2,0,False,FUN_00259930_0x259930.cpp
168,2464144,2464240,88,2,0,False,FUN_00259990_0x259990.cpp
168,2464480,2464576,88,2,0,False,FUN_00259ae0_0x259ae0.cpp
168,2464576,2464672,88,2,0,False,FUN_00259b40_0x259b40.cpp
168,2464672,2464768,88,2,0,False,FUN_00259ba0_0x259ba0.cpp
168,2464768,2464864,88,2,0,False,FUN_00259c00_0x259c00.cpp
168,2464864,2464960,88,2,0,False,FUN_00259c60_0x259c60.cpp
168,2464960,2465056,88,2,0,False,FUN_00259cc0_0x259cc0.cpp
168,2465056,2465152,88,2,0,False,FUN_00259d20_0x259d20.cpp
168,2465152,2465248,88,2,0,False,FUN_00259d80_0x259d80.cpp
168,2465248,2465344,88,2,0,False,FUN_00259de0_0x259de0.cpp
168,2465344,2465440,88,2,0,False,FUN_00259e40_0x259e40.cpp
168,2465440,2465536,88,2,0,False,FUN_00259ea0_0x259ea0.cpp
168,2477560,2477656,88,2,0,False,FUN_0025cdf8_0x25cdf8.cpp
168,2534064,2534160,88,2,0,False,FUN_0026aab0_0x26aab0.cpp
164,1238032,1238120,84,2,0,False,FUN_0012e410_0x12e410.cpp
164,1261176,1261264,84,2,0,False,FUN_00133e78_0x133e78.cpp
164,1262384,1262476,84,2,0,False,FUN_00134330_0x134330.cpp
164,1430688,1430780,84,2,0,False,FUN_0015d4a0_0x15d4a0.cpp
164,1432504,1432592,84,2,0,False,FUN_0015dbb8_0x15dbb8.cpp
164,1522936,1523024,84,2,0,False,FUN_00173cf8_0x173cf8.cpp
164,1603136,1603228,84,2,0,False,FUN_00187640_0x187640.cpp
164,2318768,2318860,84,2,0,False,FUN_002361b0_0x2361b0.cpp
164,2318864,2318956,84,2,0,False,FUN_00236210_0x236210.cpp
164,2318960,2319052,84,2,0,False,FUN_00236270_0x236270.cpp
164,2319056,2319148,84,2,0,False,FUN_002362d0_0x2362d0.cpp
164,2321848,2321940,84,2,0,False,FUN_00236db8_0x236db8.cpp
164,2321944,2322036,84,2,0,False,FUN_00236e18_0x236e18.cpp
164,2355768,2355860,84,2,0,False,FUN_0023f238_0x23f238.cpp
164,2357144,2357232,84,2,0,False,FUN_0023f798_0x23f798.cpp
164,2419144,2419236,84,2,0,False,FUN_0024e9c8_0x24e9c8.cpp
164,2419704,2419796,84,2,0,False,FUN_0024ebf8_0x24ebf8.cpp
164,2420312,2420404,84,2,0,False,FUN_0024ee58_0x24ee58.cpp
164,2420872,2420964,84,2,0,False,FUN_0024f088_0x24f088.cpp
164,2421432,2421524,84,2,0,False,FUN_0024f2b8_0x24f2b8.cpp
164,2421992,2422084,84,2,0,False,FUN_0024f4e8_0x24f4e8.cpp
164,2463160,2463292,124,1,0,False,FUN_002595b8_0x2595b8.cpp
164,2478488,2478580,84,2,0,False,FUN_0025d198_0x25d198.cpp
164,2478680,2478772,84,2,0,False,FUN_0025d258_0x25d258.cpp
164,2478872,2478964,84,2,0,False,FUN_0025d318_0x25d318.cpp
164,2479064,2479156,84,2,0,False,FUN_0025d3d8_0x25d3d8.cpp
164,2479256,2479348,84,2,0,False,FUN_0025d498_0x25d498.cpp
164,2479448,2479540,84,2,0,False,FUN_0025d558_0x25d558.cpp
164,2479640,2479732,84,2,0,False,FUN_0025d618_0x25d618.cpp
164,2479832,2479924,84,2,0,False,FUN_0025d6d8_0x25d6d8.cpp
160,1569112,1569196,80,2,0,False,FUN_0017f158_0x17f158.cpp
160,2318680,2318764,80,2,0,False,FUN_00236158_0x236158.cpp
160,2320272,2320356,80,2,0,False,FUN_00236790_0x236790.cpp
160,2322184,2322268,80,2,0,False,FUN_00236f08_0x236f08.cpp
160,2322272,2322356,80,2,0,False,FUN_00236f60_0x236f60.cpp
160,2322360,2322444,80,2,0,False,FUN_00236fb8_0x236fb8.cpp
160,2322448,2322532,80,2,0,False,FUN_00237010_0x237010.cpp
160,2322632,2322720,80,2,0,False,FUN_002370c8_0x2370c8.cpp
160,2322720,2322804,80,2,0,False,FUN_00237120_0x237120.cpp
160,2322808,2322892,80,2,0,False,FUN_00237178_0x237178.cpp
160,2322896,2322980,80,2,0,False,FUN_002371d0_0x2371d0.cpp
160,2322984,2323068,80,2,0,False,FUN_00237228_0x237228.cpp
160,2323072,2323156,80,2,0,False,FUN_00237280_0x237280.cpp
160,2323160,2323244,80,2,0,False,FUN_002372d8_0x2372d8.cpp
160,2323248,2323332,80,2,0,False,FUN_00237330_0x237330.cpp
160,2323336,2323420,80,2,0,False,FUN_00237388_0x237388.cpp
160,2323424,2323508,80,2,0,False,FUN_002373e0_0x2373e0.cpp
160,2323512,2323596,80,2,0,False,FUN_00237438_0x237438.cpp
160,2323600,2323684,80,2,0,False,FUN_00237490_0x237490.cpp
160,2323688,2323772,80,2,0,False,FUN_002374e8_0x2374e8.cpp
160,2323776,2323860,80,2,0,False,FUN_00237540_0x237540.cpp
160,2323864,2323948,80,2,0,False,FUN_00237598_0x237598.cpp
160,2323952,2324036,80,2,0,False,FUN_002375f0_0x2375f0.cpp
160,2324344,2324428,80,2,0,False,FUN_00237778_0x237778.cpp
160,2324432,2324516,80,2,0,False,FUN_002377d0_0x2377d0.cpp
160,2324520,2324604,80,2,0,False,FUN_00237828_0x237828.cpp
160,2324608,2324692,80,2,0,False,FUN_00237880_0x237880.cpp
160,2324696,2324780,80,2,0,False,FUN_002378d8_0x2378d8.cpp
160,2324784,2324868,80,2,0,False,FUN_00237930_0x237930.cpp
160,2324872,2324956,80,2,0,False,FUN_00237988_0x237988.cpp
160,2324960,2325044,80,2,0,False,FUN_002379e0_0x2379e0.cpp
160,2325096,2325180,80,2,0,False,FUN_00237a68_0x237a68.cpp
160,2325184,2325268,80,2,0,False,FUN_00237ac0_0x237ac0.cpp
160,2325272,2325356,80,2,0,False,FUN_00237b18_0x237b18.cpp
160,2325360,2325444,80,2,0,False,FUN_00237b70_0x237b70.cpp
160,2325448,2325532,80,2,0,False,FUN_00237bc8_0x237bc8.cpp
160,2325536,2325620,80,2,0,False,FUN_00237c20_0x237c20.cpp
160,2326136,2326220,80,2,0,False,FUN_00237e78_0x237e78.cpp
160,2326224,2326308,80,2,0,False,FUN_00237ed0_0x237ed0.cpp
160,2326312,2326396,80,2,0,False,FUN_00237f28_0x237f28.cpp
160,2326400,2326484,80,2,0,False,FUN_00237f80_0x237f80.cpp
160,2326488,2326572,80,2,0,False,FUN_00237fd8_0x237fd8.cpp
160,2326576,2326660,80,2,0,False,FUN_00238030_0x238030.cpp
160,2326664,2326748,80,2,0,False,FUN_00238088_0x238088.cpp
160,2326752,2326836,80,2,0,False,FUN_002380e0_0x2380e0.cpp
160,2327096,2327180,80,2,0,False,FUN_00238238_0x238238.cpp
160,2327264,2327348,80,2,0,False,FUN_002382e0_0x2382e0.cpp
160,2328104,2328188,80,2,0,False,FUN_00238628_0x238628.cpp
160,2375912,2375960,40,3,0,False,FUN_002440e8_0x2440e8.cpp
160,2516264,2516312,40,3,0,False,FUN_00266528_0x266528.cpp
156,1432248,1432328,76,2,0,False,FUN_0015dab8_0x15dab8.cpp
156,1432328,1432408,76,2,0,False,FUN_0015db08_0x15db08.cpp
156,1514040,1514120,76,2,0,False,FUN_00171a38_0x171a38.cpp
156,2088952,2089032,76,2,0,False,FUN_001fdff8_0x1fdff8.cpp
156,2153816,2153896,76,2,0,False,FUN_0020dd58_0x20dd58.cpp
156,2321200,2321284,76,2,0,False,FUN_00236b30_0x236b30.cpp
156,2349264,2349304,36,3,0,False,FUN_0023d8d0_0x23d8d0.cpp
156,2352568,2352648,76,2,0,False,FUN_0023e5b8_0x23e5b8.cpp
156,2363072,2363152,76,2,0,False,FUN_00240ec0_0x240ec0.cpp
156,2424808,2424888,76,2,0,False,FUN_0024ffe8_0x24ffe8.cpp
156,2424888,2424968,76,2,0,False,FUN_00250038_0x250038.cpp
156,2428184,2428264,76,2,0,False,FUN_00250d18_0x250d18.cpp
156,2428264,2428344,76,2,0,False,FUN_00250d68_0x250d68.cpp
156,2428344,2428424,76,2,0,False,FUN_00250db8_0x250db8.cpp
156,2434256,2434336,76,2,0,False,FUN_002524d0_0x2524d0.cpp
156,2434336,2434416,76,2,0,False,FUN_00252520_0x252520.cpp
156,2434416,2434496,76,2,0,False,FUN_00252570_0x252570.cpp
156,2435576,2435656,76,2,0,False,FUN_002529f8_0x2529f8.cpp
156,2435656,2435736,76,2,0,False,FUN_00252a48_0x252a48.cpp
156,2502664,2502748,76,2,0,False,FUN_00263008_0x263008.cpp
156,2517824,2517908,76,2,0,False,FUN_00266b40_0x266b40.cpp
156,2517912,2517996,76,2,0,False,FUN_00266b98_0x266b98.cpp
156,2518008,2518092,76,2,0,False,FUN_00266bf8_0x266bf8.cpp
156,2518096,2518180,76,2,0,False,FUN_00266c50_0x266c50.cpp
156,2518184,2518268,76,2,0,False,FUN_00266ca8_0x266ca8.cpp
156,2518272,2518356,76,2,0,False,FUN_00266d00_0x266d00.cpp
152,1569784,1569864,72,2,0,False,FUN_0017f3f8_0x17f3f8.cpp
152,1689232,1689312,72,2,0,False,FUN_0019c690_0x19c690.cpp
152,1837080,1837156,72,2,0,False,FUN_001c0818_0x1c0818.cpp
152,1845160,1845236,72,2,0,False,FUN_001c27a8_0x1c27a8.cpp
152,2264784,2264824,32,3,0,False,FUN_00228ed0_0x228ed0.cpp
152,2324216,2324292,72,2,0,False,FUN_002376f8_0x2376f8.cpp
152,2327016,2327092,72,2,0,False,FUN_002381e8_0x2381e8.cpp
152,2327184,2327260,72,2,0,False,FUN_00238290_0x238290.cpp
152,2327352,2327428,72,2,0,False,FUN_00238338_0x238338.cpp
152,2327576,2327652,72,2,0,False,FUN_00238418_0x238418.cpp
152,2327800,2327876,72,2,0,False,FUN_002384f8_0x2384f8.cpp
152,2328024,2328100,72,2,0,False,FUN_002385d8_0x2385d8.cpp
152,2328192,2328268,72,2,0,False,FUN_00238680_0x238680.cpp
152,2328320,2328396,72,2,0,False,FUN_00238700_0x238700.cpp
152,2328448,2328524,72,2,0,False,FUN_00238780_0x238780.cpp
152,2333824,2333944,112,1,0,False,FUN_00239c80_0x239c80.cpp
152,2334096,2334216,112,1,0,False,FUN_00239d90_0x239d90.cpp
152,2334464,2334584,112,1,0,False,FUN_00239f00_0x239f00.cpp
152,2364880,2364920,32,3,0,False,FUN_002415d0_0x2415d0.cpp
152,2375624,2375664,32,3,0,False,FUN_00243fc8_0x243fc8.cpp
152,2375672,2375712,32,3,0,False,FUN_00243ff8_0x243ff8.cpp
152,2475432,2475512,72,2,0,False,FUN_0025c5a8_0x25c5a8.cpp
148,1430880,1430956,68,2,0,False,FUN_0015d560_0x15d560.cpp
148,2330240,2330316,68,2,0,False,FUN_00238e80_0x238e80.cpp
148,2330320,2330396,68,2,0,False,FUN_00238ed0_0x238ed0.cpp
148,2330400,2330476,68,2,0,False,FUN_00238f20_0x238f20.cpp
148,2330480,2330556,68,2,0,False,FUN_00238f70_0x238f70.cpp
148,2344584,2344620,28,3,0,False,FUN_0023c688_0x23c688.cpp
148,2353512,2353628,108,1,0,False,FUN_0023e968_0x23e968.cpp
148,2353768,2353884,108,1,0,False,FUN_0023ea68_0x23ea68.cpp
148,2456832,2456904,68,2,0,False,FUN_00257d00_0x257d00.cpp
148,2456904,2456976,68,2,0,False,FUN_00257d48_0x257d48.cpp
148,2456976,2457048,68,2,0,False,FUN_00257d90_0x257d90.cpp
148,2457048,2457120,68,2,0,False,FUN_00257dd8_0x257dd8.cpp
148,2457200,2457272,68,2,0,False,FUN_00257e70_0x257e70.cpp
148,2457272,2457344,68,2,0,False,FUN_00257eb8_0x257eb8.cpp
148,2457344,2457416,68,2,0,False,FUN_00257f00_0x257f00.cpp
148,2457416,2457488,68,2,0,False,FUN_00257f48_0x257f48.cpp
148,2457488,2457560,68,2,0,False,FUN_00257f90_0x257f90.cpp
148,2457560,2457632,68,2,0,False,FUN_00257fd8_0x257fd8.cpp
148,2457632,2457704,68,2,0,False,FUN_00258020_0x258020.cpp
148,2457704,2457776,68,2,0,False,FUN_00258068_0x258068.cpp
148,2457776,2457848,68,2,0,False,FUN_002580b0_0x2580b0.cpp
148,2457848,2457920,68,2,0,False,FUN_002580f8_0x2580f8.cpp
148,2457920,2457992,68,2,0,False,FUN_00258140_0x258140.cpp
148,2457992,2458064,68,2,0,False,FUN_00258188_0x258188.cpp
148,2458064,2458136,68,2,0,False,FUN_002581d0_0x2581d0.cpp
148,2458136,2458208,68,2,0,False,FUN_00258218_0x258218.cpp
148,2458208,2458280,68,2,0,False,FUN_00258260_0x258260.cpp
148,2458280,2458352,68,2,0,False,FUN_002582a8_0x2582a8.cpp
148,2458352,2458424,68,2,0,False,FUN_002582f0_0x2582f0.cpp
148,2458424,2458496,68,2,0,False,FUN_00258338_0x258338.cpp
148,2458496,2458568,68,2,0,False,FUN_00258380_0x258380.cpp
148,2458568,2458640,68,2,0,False,FUN_002583c8_0x2583c8.cpp
148,2458640,2458712,68,2,0,False,FUN_00258410_0x258410.cpp
148,2458712,2458784,68,2,0,False,FUN_00258458_0x258458.cpp
148,2458784,2458856,68,2,0,False,FUN_002584a0_0x2584a0.cpp
148,2458856,2458928,68,2,0,False,FUN_002584e8_0x2584e8.cpp
148,2458928,2459000,68,2,0,False,FUN_00258530_0x258530.cpp
148,2459000,2459072,68,2,0,False,FUN_00258578_0x258578.cpp
148,2459072,2459144,68,2,0,False,FUN_002585c0_0x2585c0.cpp
148,2459144,2459216,68,2,0,False,FUN_00258608_0x258608.cpp
148,2459216,2459288,68,2,0,False,FUN_00258650_0x258650.cpp
148,2459288,2459360,68,2,0,False,FUN_00258698_0x258698.cpp
148,2459360,2459432,68,2,0,False,FUN_002586e0_0x2586e0.cpp
148,2459432,2459504,68,2,0,False,FUN_00258728_0x258728.cpp
148,2459504,2459576,68,2,0,False,FUN_00258770_0x258770.cpp
148,2459576,2459648,68,2,0,False,FUN_002587b8_0x2587b8.cpp
148,2459648,2459720,68,2,0,False,FUN_00258800_0x258800.cpp
148,2459720,2459792,68,2,0,False,FUN_00258848_0x258848.cpp
148,2459792,2459864,68,2,0,False,FUN_00258890_0x258890.cpp
148,2459864,2459936,68,2,0,False,FUN_002588d8_0x2588d8.cpp
148,2459936,2460008,68,2,0,False,FUN_00258920_0x258920.cpp
148,2460008,2460080,68,2,0,False,FUN_00258968_0x258968.cpp
148,2460080,2460152,68,2,0,False,FUN_002589b0_0x2589b0.cpp
148,2460152,2460224,68,2,0,False,FUN_002589f8_0x2589f8.cpp
148,2460224,2460296,68,2,0,False,FUN_00258a40_0x258a40.cpp
148,2460296,2460368,68,2,0,False,FUN_00258a88_0x258a88.cpp
148,2460368,2460440,68,2,0,False,FUN_00258ad0_0x258ad0.cpp
148,2531176,2531248,68,2,0,False,FUN_00269f68_0x269f68.cpp
144,1227448,1227520,64,2,0,False,FUN_0012bab8_0x12bab8.cpp
144,1227752,1227820,64,2,0,False,FUN_0012bbe8_0x12bbe8.cpp
144,1261104,1261172,64,2,0,False,FUN_00133e30_0x133e30.cpp
144,1306400,1306468,64,2,0,False,FUN_0013ef20_0x13ef20.cpp
144,1513768,1513836,64,2,0,False,FUN_00171928_0x171928.cpp
144,1513904,1513972,64,2,0,False,FUN_001719b0_0x1719b0.cpp
144,1526704,1526776,64,2,0,False,FUN_00174bb0_0x174bb0.cpp
144,1603064,1603136,64,2,0,False,FUN_001875f8_0x1875f8.cpp
144,2348176,2348244,64,2,0,False,FUN_0023d490_0x23d490.cpp
144,2351624,2351692,64,2,0,False,FUN_0023e208_0x23e208.cpp
144,2351768,2351836,64,2,0,False,FUN_0023e298_0x23e298.cpp
140,1513840,1513904,60,2,0,False,FUN_00171970_0x171970.cpp
140,1792008,1792076,60,2,0,False,FUN_001b5808_0x1b5808.cpp
140,2471904,2471972,60,2,0,False,FUN_0025b7e0_0x25b7e0.cpp
140,2472008,2472076,60,2,0,False,FUN_0025b848_0x25b848.cpp
140,2472200,2472268,60,2,0,False,FUN_0025b908_0x25b908.cpp
140,2472304,2472372,60,2,0,False,FUN_0025b970_0x25b970.cpp
136,1355976,1356040,56,2,0,False,FUN_0014b0c8_0x14b0c8.cpp
136,1430784,1430848,56,2,0,False,FUN_0015d500_0x15d500.cpp
136,1708624,1708724,96,1,0,False,FUN_001a1250_0x1a1250.cpp
136,1994264,1994328,56,2,0,False,FUN_001e6e18_0x1e6e18.cpp
136,2360512,2360576,56,2,0,False,FUN_002404c0_0x2404c0.cpp
136,2477496,2477560,56,2,0,False,FUN_0025cdb8_0x25cdb8.cpp
136,2477688,2477752,56,2,0,False,FUN_0025ce78_0x25ce78.cpp
136,2477752,2477816,56,2,0,False,FUN_0025ceb8_0x25ceb8.cpp
136,2478168,2478232,56,2,0,False,FUN_0025d058_0x25d058.cpp
136,2478264,2478328,56,2,0,False,FUN_0025d0b8_0x25d0b8.cpp
136,2478328,2478392,56,2,0,False,FUN_0025d0f8_0x25d0f8.cpp
136,2478424,2478488,56,2,0,False,FUN_0025d158_0x25d158.cpp
136,2478616,2478680,56,2,0,False,FUN_0025d218_0x25d218.cpp
136,2478808,2478872,56,2,0,False,FUN_0025d2d8_0x25d2d8.cpp
136,2479000,2479064,56,2,0,False,FUN_0025d398_0x25d398.cpp
136,2479192,2479256,56,2,0,False,FUN_0025d458_0x25d458.cpp
136,2479384,2479448,56,2,0,False,FUN_0025d518_0x25d518.cpp
136,2479576,2479640,56,2,0,False,FUN_0025d5d8_0x25d5d8.cpp
136,2479768,2479832,56,2,0,False,FUN_0025d698_0x25d698.cpp
136,2479960,2480024,56,2,0,False,FUN_0025d758_0x25d758.cpp
136,2480160,2480224,56,2,0,False,FUN_0025d820_0x25d820.cpp
136,2480224,2480288,56,2,0,False,FUN_0025d860_0x25d860.cpp
132,1489144,1489244,92,1,0,False,FUN_0016b8f8_0x16b8f8.cpp
132,2349608,2349704,92,1,0,False,FUN_0023da28_0x23da28.cpp
132,2349704,2349800,92,1,0,False,FUN_0023da88_0x23da88.cpp
132,2368432,2368528,92,1,0,False,FUN_002423b0_0x2423b0.cpp
132,2384536,2384592,52,2,0,False,FUN_00246298_0x246298.cpp
132,2385320,2385376,52,2,0,False,FUN_002465a8_0x2465a8.cpp
132,2386104,2386160,52,2,0,False,FUN_002468b8_0x2468b8.cpp
132,2386856,2386912,52,2,0,False,FUN_00246ba8_0x246ba8.cpp
132,2387608,2387664,52,2,0,False,FUN_00246e98_0x246e98.cpp
132,2388360,2388416,52,2,0,False,FUN_00247188_0x247188.cpp
132,2389144,2389200,52,2,0,False,FUN_00247498_0x247498.cpp
132,2389928,2389984,52,2,0,False,FUN_002477a8_0x2477a8.cpp
132,2390736,2390792,52,2,0,False,FUN_00247ad0_0x247ad0.cpp
132,2391488,2391544,52,2,0,False,FUN_00247dc0_0x247dc0.cpp
132,2392240,2392296,52,2,0,False,FUN_002480b0_0x2480b0.cpp
132,2393024,2393080,52,2,0,False,FUN_002483c0_0x2483c0.cpp
132,2393808,2393864,52,2,0,False,FUN_002486d0_0x2486d0.cpp
132,2394592,2394648,52,2,0,False,FUN_002489e0_0x2489e0.cpp
132,2395376,2395432,52,2,0,False,FUN_00248cf0_0x248cf0.cpp
132,2396944,2397000,52,2,0,False,FUN_00249310_0x249310.cpp
132,2397752,2397808,52,2,0,False,FUN_00249638_0x249638.cpp
132,2398536,2398592,52,2,0,False,FUN_00249948_0x249948.cpp
132,2399320,2399376,52,2,0,False,FUN_00249c58_0x249c58.cpp
132,2400104,2400160,52,2,0,False,FUN_00249f68_0x249f68.cpp
132,2400888,2400944,52,2,0,False,FUN_0024a278_0x24a278.cpp
132,2401680,2401736,52,2,0,False,FUN_0024a590_0x24a590.cpp
132,2402512,2402568,52,2,0,False,FUN_0024a8d0_0x24a8d0.cpp
132,2403392,2403448,52,2,0,False,FUN_0024ac40_0x24ac40.cpp
132,2404176,2404232,52,2,0,False,FUN_0024af50_0x24af50.cpp
132,2405016,2405072,52,2,0,False,FUN_0024b298_0x24b298.cpp
132,2405832,2405888,52,2,0,False,FUN_0024b5c8_0x24b5c8.cpp
132,2406952,2407008,52,2,0,False,FUN_0024ba28_0x24ba28.cpp
132,2407736,2407792,52,2,0,False,FUN_0024bd38_0x24bd38.cpp
132,2408536,2408592,52,2,0,False,FUN_0024c058_0x24c058.cpp
132,2409504,2409560,52,2,0,False,FUN_0024c420_0x24c420.cpp
132,2410408,2410464,52,2,0,False,FUN_0024c7a8_0x24c7a8.cpp
132,2411920,2411976,52,2,0,False,FUN_0024cd90_0x24cd90.cpp
132,2412840,2412896,52,2,0,False,FUN_0024d128_0x24d128.cpp
132,2413664,2413720,52,2,0,False,FUN_0024d460_0x24d460.cpp
132,2414928,2414984,52,2,0,False,FUN_0024d950_0x24d950.cpp
132,2415712,2415768,52,2,0,False,FUN_0024dc60_0x24dc60.cpp
132,2416720,2416776,52,2,0,False,FUN_0024e050_0x24e050.cpp
132,2417504,2417560,52,2,0,False,FUN_0024e360_0x24e360.cpp
132,2431456,2431512,52,2,0,False,FUN_002519e0_0x2519e0.cpp
132,2461296,2461396,92,1,0,False,FUN_00258e70_0x258e70.cpp
132,2461448,2461548,92,1,0,False,FUN_00258f08_0x258f08.cpp
132,2461600,2461700,92,1,0,False,FUN_00258fa0_0x258fa0.cpp
132,2463768,2463868,92,1,0,False,FUN_00259818_0x259818.cpp
128,1597752,1597808,48,2,0,False,FUN_00186138_0x186138.cpp
128,1674896,1674952,48,2,0,False,FUN_00198e90_0x198e90.cpp
128,2276808,2276860,48,2,0,False,FUN_0022bdc8_0x22bdc8.cpp
128,2295944,2295996,48,2,0,False,FUN_00230888_0x230888.cpp
128,2349352,2349444,88,1,0,False,FUN_0023d928_0x23d928.cpp
128,2349512,2349608,88,1,0,False,FUN_0023d9c8_0x23d9c8.cpp
128,2377104,2377156,48,2,0,False,FUN_00244590_0x244590.cpp
128,2377160,2377212,48,2,0,False,FUN_002445c8_0x2445c8.cpp
128,2377272,2377324,48,2,0,False,FUN_00244638_0x244638.cpp
128,2377328,2377380,48,2,0,False,FUN_00244670_0x244670.cpp
128,2377384,2377436,48,2,0,False,FUN_002446a8_0x2446a8.cpp
128,2377440,2377492,48,2,0,False,FUN_002446e0_0x2446e0.cpp
128,2377496,2377548,48,2,0,False,FUN_00244718_0x244718.cpp
128,2377552,2377604,48,2,0,False,FUN_00244750_0x244750.cpp
128,2377608,2377660,48,2,0,False,FUN_00244788_0x244788.cpp
128,2377664,2377716,48,2,0,False,FUN_002447c0_0x2447c0.cpp
128,2377720,2377772,48,2,0,False,FUN_002447f8_0x2447f8.cpp
128,2377776,2377828,48,2,0,False,FUN_00244830_0x244830.cpp
128,2377960,2378012,48,2,0,False,FUN_002448e8_0x2448e8.cpp
128,2461152,2461248,88,1,0,False,FUN_00258de0_0x258de0.cpp
128,2462160,2462212,48,2,0,False,FUN_002591d0_0x2591d0.cpp
128,2467304,2467400,88,1,0,False,FUN_0025a5e8_0x25a5e8.cpp
128,2467400,2467496,88,1,0,False,FUN_0025a648_0x25a648.cpp
128,2468088,2468184,88,1,0,False,FUN_0025a8f8_0x25a8f8.cpp
128,2471544,2471600,48,2,0,False,FUN_0025b678_0x25b678.cpp
128,2471640,2471696,48,2,0,False,FUN_0025b6d8_0x25b6d8.cpp
128,2471728,2471784,48,2,0,False,FUN_0025b730_0x25b730.cpp
128,2471816,2471872,48,2,0,False,FUN_0025b788_0x25b788.cpp
128,2472112,2472168,48,2,0,False,FUN_0025b8b0_0x25b8b0.cpp
128,2472544,2472600,48,2,0,False,FUN_0025ba60_0x25ba60.cpp
128,2472632,2472688,48,2,0,False,FUN_0025bab8_0x25bab8.cpp
128,2472720,2472776,48,2,0,False,FUN_0025bb10_0x25bb10.cpp
128,2472808,2472864,48,2,0,False,FUN_0025bb68_0x25bb68.cpp
124,1306344,1306396,44,2,0,False,FUN_0013eee8_0x13eee8.cpp
124,1707352,1707400,44,2,0,False,FUN_001a0d58_0x1a0d58.cpp
120,1227880,1227924,40,2,0,False,FUN_0012bc68_0x12bc68.cpp
120,1227928,1227972,40,2,0,False,FUN_0012bc98_0x12bc98.cpp
120,1257072,1257120,40,2,0,False,FUN_00132e70_0x132e70.cpp
120,1313048,1313092,40,2,0,False,FUN_00140918_0x140918.cpp
120,1344304,1344352,40,2,0,False,FUN_00148330_0x148330.cpp
120,1356080,1356124,40,2,0,False,FUN_0014b130_0x14b130.cpp
120,1753352,1753400,40,2,0,False,FUN_001ac108_0x1ac108.cpp
120,1754464,1754512,40,2,0,False,FUN_001ac560_0x1ac560.cpp
120,1995624,1995672,40,2,0,False,FUN_001e7368_0x1e7368.cpp
120,2062664,2062712,40,2,0,False,FUN_001f7948_0x1f7948.cpp
120,2322040,2322088,40,2,0,False,FUN_00236e78_0x236e78.cpp
120,2322088,2322136,40,2,0,False,FUN_00236ea8_0x236ea8.cpp
120,2322136,2322184,40,2,0,False,FUN_00236ed8_0x236ed8.cpp
120,2325048,2325096,40,2,0,False,FUN_00237a38_0x237a38.cpp
120,2328992,2329036,40,2,0,False,FUN_002389a0_0x2389a0.cpp
120,2337872,2337956,80,1,0,False,FUN_0023ac50_0x23ac50.cpp
120,2368688,2368736,40,2,0,False,FUN_002424b0_0x2424b0.cpp
120,2368760,2368808,40,2,0,False,FUN_002424f8_0x2424f8.cpp
120,2368832,2368880,40,2,0,False,FUN_00242540_0x242540.cpp
120,2368904,2368952,40,2,0,False,FUN_00242588_0x242588.cpp
120,2378920,2378968,40,2,0,False,FUN_00244ca8_0x244ca8.cpp
120,2378968,2379016,40,2,0,False,FUN_00244cd8_0x244cd8.cpp
120,2461800,2461848,40,2,0,False,FUN_00259068_0x259068.cpp
120,2467024,2467072,40,2,0,False,FUN_0025a4d0_0x25a4d0.cpp
120,2472904,2472952,40,2,0,False,FUN_0025bbc8_0x25bbc8.cpp
120,2473056,2473104,40,2,0,False,FUN_0025bc60_0x25bc60.cpp
120,2474600,2474644,40,2,0,False,FUN_0025c268_0x25c268.cpp
120,2510216,2510264,40,2,0,False,FUN_00264d88_0x264d88.cpp
120,2510760,2510808,40,2,0,False,FUN_00264fa8_0x264fa8.cpp
120,2511344,2511392,40,2,0,False,FUN_002651f0_0x2651f0.cpp
120,2511632,2511680,40,2,0,False,FUN_00265310_0x265310.cpp
120,2511776,2511824,40,2,0,False,FUN_002653a0_0x2653a0.cpp
120,2512400,2512448,40,2,0,False,FUN_00265610_0x265610.cpp
120,2512768,2512816,40,2,0,False,FUN_00265780_0x265780.cpp
120,2513328,2513376,40,2,0,False,FUN_002659b0_0x2659b0.cpp
120,2513696,2513744,40,2,0,False,FUN_00265b20_0x265b20.cpp
120,2514256,2514304,40,2,0,False,FUN_00265d50_0x265d50.cpp
120,2514624,2514672,40,2,0,False,FUN_00265ec0_0x265ec0.cpp
120,2514888,2514936,40,2,0,False,FUN_00265fc8_0x265fc8.cpp
120,2515208,2515256,40,2,0,False,FUN_00266108_0x266108.cpp
120,2515768,2515816,40,2,0,False,FUN_00266338_0x266338.cpp
120,2516032,2516080,40,2,0,False,FUN_00266440_0x266440.cpp
120,2516496,2516544,40,2,0,False,FUN_00266610_0x266610.cpp
120,2517320,2517368,40,2,0,False,FUN_00266948_0x266948.cpp
120,2517496,2517544,40,2,0,False,FUN_002669f8_0x2669f8.cpp
120,2531344,2531392,40,2,0,False,FUN_0026a010_0x26a010.cpp
120,2532408,2532456,40,2,0,False,FUN_0026a438_0x26a438.cpp
120,2533248,2533292,40,2,0,False,FUN_0026a780_0x26a780.cpp
120,2534016,2534064,40,2,0,False,FUN_0026aa80_0x26aa80.cpp
120,2534160,2534208,40,2,0,False,FUN_0026ab10_0x26ab10.cpp
120,2535160,2535208,40,2,0,False,FUN_0026aef8_0x26aef8.cpp
120,2643184,2643268,80,1,0,False,FUN_002854f0_0x2854f0.cpp
116,1165520,1165600,76,1,0,False,FUN_0011c8d0_0x11c8d0.cpp
116,1168536,1168580,36,2,0,False,FUN_0011d498_0x11d498.cpp
116,1707912,1707992,76,1,0,False,FUN_001a0f88_0x1a0f88.cpp
116,1708728,1708812,76,1,0,False,FUN_001a12b8_0x1a12b8.cpp
116,1995576,1995620,36,2,0,False,FUN_001e7338_0x1e7338.cpp
116,2174808,2174852,36,2,0,False,FUN_00212f58_0x212f58.cpp
116,2181216,2181260,36,2,0,False,FUN_00214860_0x214860.cpp
116,2328952,2328992,36,2,0,False,FUN_00238978_0x238978.cpp
116,2340128,2340208,76,1,0,False,FUN_0023b520_0x23b520.cpp
116,2344248,2344288,36,2,0,False,FUN_0023c538_0x23c538.cpp
116,2365960,2366040,76,1,0,False,FUN_00241a08_0x241a08.cpp
116,2366096,2366176,76,1,0,False,FUN_00241a90_0x241a90.cpp
116,2419992,2420032,36,2,0,False,FUN_0024ed18_0x24ed18.cpp
116,2463640,2463720,76,1,0,False,FUN_00259798_0x259798.cpp
116,2472408,2472452,36,2,0,False,FUN_0025b9d8_0x25b9d8.cpp
116,2472464,2472508,36,2,0,False,FUN_0025ba10_0x25ba10.cpp
116,2502312,2502396,76,1,0,False,FUN_00262ea8_0x262ea8.cpp
116,2502400,2502484,76,1,0,False,FUN_00262f00_0x262f00.cpp
116,2502488,2502572,76,1,0,False,FUN_00262f58_0x262f58.cpp
116,2502576,2502660,76,1,0,False,FUN_00262fb0_0x262fb0.cpp
116,2502752,2502836,76,1,0,False,FUN_00263060_0x263060.cpp
116,2502840,2502924,76,1,0,False,FUN_002630b8_0x2630b8.cpp
116,2502928,2503012,76,1,0,False,FUN_00263110_0x263110.cpp
116,2503016,2503100,76,1,0,False,FUN_00263168_0x263168.cpp
112,1176184,1176224,32,2,0,False,FUN_0011f278_0x11f278.cpp
112,1228744,1228784,32,2,0,False,FUN_0012bfc8_0x12bfc8.cpp
112,1356344,1356384,32,2,0,False,FUN_0014b238_0x14b238.cpp
112,1372096,1372136,32,2,0,False,FUN_0014efc0_0x14efc0.cpp
112,1430232,1430272,32,2,0,False,FUN_0015d2d8_0x15d2d8.cpp
112,1464104,1464144,32,2,0,False,FUN_00165728_0x165728.cpp
112,1517392,1517432,32,2,0,False,FUN_00172750_0x172750.cpp
112,1520536,1520572,32,2,0,False,FUN_00173398_0x173398.cpp
112,1606056,1606096,32,2,0,False,FUN_001881a8_0x1881a8.cpp
112,1827888,1827924,32,2,0,False,FUN_001be430_0x1be430.cpp
112,2318560,2318600,32,2,0,False,FUN_002360e0_0x2360e0.cpp
112,2318600,2318640,32,2,0,False,FUN_00236108_0x236108.cpp
112,2318640,2318680,32,2,0,False,FUN_00236130_0x236130.cpp
112,2319152,2319192,32,2,0,False,FUN_00236330_0x236330.cpp
112,2319224,2319264,32,2,0,False,FUN_00236378_0x236378.cpp
112,2319264,2319304,32,2,0,False,FUN_002363a0_0x2363a0.cpp
112,2320360,2320400,32,2,0,False,FUN_002367e8_0x2367e8.cpp
112,2320400,2320440,32,2,0,False,FUN_00236810_0x236810.cpp
112,2320440,2320480,32,2,0,False,FUN_00236838_0x236838.cpp
112,2320640,2320680,32,2,0,False,FUN_00236900_0x236900.cpp
112,2320680,2320720,32,2,0,False,FUN_00236928_0x236928.cpp
112,2320720,2320760,32,2,0,False,FUN_00236950_0x236950.cpp
112,2320760,2320800,32,2,0,False,FUN_00236978_0x236978.cpp
112,2320800,2320840,32,2,0,False,FUN_002369a0_0x2369a0.cpp
112,2320840,2320880,32,2,0,False,FUN_002369c8_0x2369c8.cpp
112,2320880,2320920,32,2,0,False,FUN_002369f0_0x2369f0.cpp
112,2320920,2320960,32,2,0,False,FUN_00236a18_0x236a18.cpp
112,2320960,2321000,32,2,0,False,FUN_00236a40_0x236a40.cpp
112,2321000,2321040,32,2,0,False,FUN_00236a68_0x236a68.cpp
112,2321040,2321080,32,2,0,False,FUN_00236a90_0x236a90.cpp
112,2321080,2321120,32,2,0,False,FUN_00236ab8_0x236ab8.cpp
112,2321120,2321160,32,2,0,False,FUN_00236ae0_0x236ae0.cpp
112,2321160,2321200,32,2,0,False,FUN_00236b08_0x236b08.cpp
112,2321288,2321328,32,2,0,False,FUN_00236b88_0x236b88.cpp
112,2321328,2321368,32,2,0,False,FUN_00236bb0_0x236bb0.cpp
112,2321368,2321408,32,2,0,False,FUN_00236bd8_0x236bd8.cpp
112,2321408,2321448,32,2,0,False,FUN_00236c00_0x236c00.cpp
112,2321448,2321488,32,2,0,False,FUN_00236c28_0x236c28.cpp
112,2321488,2321528,32,2,0,False,FUN_00236c50_0x236c50.cpp
112,2321528,2321568,32,2,0,False,FUN_00236c78_0x236c78.cpp
112,2321568,2321608,32,2,0,False,FUN_00236ca0_0x236ca0.cpp
112,2321608,2321648,32,2,0,False,FUN_00236cc8_0x236cc8.cpp
112,2321648,2321688,32,2,0,False,FUN_00236cf0_0x236cf0.cpp
112,2321688,2321728,32,2,0,False,FUN_00236d18_0x236d18.cpp
112,2321728,2321768,32,2,0,False,FUN_00236d40_0x236d40.cpp
112,2321768,2321808,32,2,0,False,FUN_00236d68_0x236d68.cpp
112,2321808,2321848,32,2,0,False,FUN_00236d90_0x236d90.cpp
112,2340408,2340448,32,2,0,False,FUN_0023b638_0x23b638.cpp
112,2350952,2350992,32,2,0,False,FUN_0023df68_0x23df68.cpp
112,2351104,2351144,32,2,0,False,FUN_0023e000_0x23e000.cpp
112,2456792,2456832,32,2,0,False,FUN_00257cd8_0x257cd8.cpp
112,2457120,2457160,32,2,0,False,FUN_00257e20_0x257e20.cpp
112,2457160,2457200,32,2,0,False,FUN_00257e48_0x257e48.cpp
112,2466984,2467020,32,2,0,False,FUN_0025a4a8_0x25a4a8.cpp
112,2556672,2556708,32,2,0,False,FUN_00270300_0x270300.cpp
112,2556712,2556748,32,2,0,False,FUN_00270328_0x270328.cpp
108,1513976,1514008,28,2,0,False,FUN_001719f8_0x1719f8.cpp
108,1514008,1514040,28,2,0,False,FUN_00171a18_0x171a18.cpp
108,1516768,1516800,28,2,0,False,FUN_001724e0_0x1724e0.cpp
108,1708160,1708232,68,1,0,False,FUN_001a1080_0x1a1080.cpp
108,1792080,1792112,28,2,0,False,FUN_001b5850_0x1b5850.cpp
108,1792112,1792144,28,2,0,False,FUN_001b5870_0x1b5870.cpp
108,1792144,1792176,28,2,0,False,FUN_001b5890_0x1b5890.cpp
108,1792176,1792208,28,2,0,False,FUN_001b58b0_0x1b58b0.cpp
108,1792400,1792432,28,2,0,False,FUN_001b5990_0x1b5990.cpp
108,2336456,2336532,68,1,0,False,FUN_0023a6c8_0x23a6c8.cpp
108,2663712,2663744,28,2,0,False,FUN_0028a520_0x28a520.cpp
104,1360472,1360500,24,2,0,False,FUN_0014c258_0x14c258.cpp
104,1430848,1430876,24,2,0,False,FUN_0015d540_0x15d540.cpp
104,1722224,1722252,24,2,0,False,FUN_001a4770_0x1a4770.cpp
104,1723264,1723292,24,2,0,False,FUN_001a4b80_0x1a4b80.cpp
104,1744328,1744356,24,2,0,False,FUN_001a9dc8_0x1a9dc8.cpp
104,1744544,1744572,24,2,0,False,FUN_001a9ea0_0x1a9ea0.cpp
104,1745232,1745260,24,2,0,False,FUN_001aa150_0x1aa150.cpp
104,1745888,1745916,24,2,0,False,FUN_001aa3e0_0x1aa3e0.cpp
104,1747144,1747172,24,2,0,False,FUN_001aa8c8_0x1aa8c8.cpp
104,1747360,1747388,24,2,0,False,FUN_001aa9a0_0x1aa9a0.cpp
104,1749232,1749260,24,2,0,False,FUN_001ab0f0_0x1ab0f0.cpp
104,1749904,1749932,24,2,0,False,FUN_001ab390_0x1ab390.cpp
104,2061184,2061212,24,2,0,False,FUN_001f7380_0x1f7380.cpp
104,2153320,2153348,24,2,0,False,FUN_0020db68_0x20db68.cpp
104,2197152,2197180,24,2,0,False,FUN_002186a0_0x2186a0.cpp
104,2199448,2199476,24,2,0,False,FUN_00218f98_0x218f98.cpp
104,2199480,2199508,24,2,0,False,FUN_00218fb8_0x218fb8.cpp
104,2319192,2319220,24,2,0,False,FUN_00236358_0x236358.cpp
104,2320072,2320100,24,2,0,False,FUN_002366c8_0x2366c8.cpp
104,2320104,2320132,24,2,0,False,FUN_002366e8_0x2366e8.cpp
104,2325624,2325652,24,2,0,False,FUN_00237c78_0x237c78.cpp
104,2325656,2325684,24,2,0,False,FUN_00237c98_0x237c98.cpp
104,2325688,2325716,24,2,0,False,FUN_00237cb8_0x237cb8.cpp
104,2325720,2325748,24,2,0,False,FUN_00237cd8_0x237cd8.cpp
104,2325752,2325780,24,2,0,False,FUN_00237cf8_0x237cf8.cpp
104,2325784,2325812,24,2,0,False,FUN_00237d18_0x237d18.cpp
104,2325816,2325844,24,2,0,False,FUN_00237d38_0x237d38.cpp
104,2325848,2325876,24,2,0,False,FUN_00237d58_0x237d58.cpp
104,2325880,2325908,24,2,0,False,FUN_00237d78_0x237d78.cpp
104,2325912,2325940,24,2,0,False,FUN_00237d98_0x237d98.cpp
104,2325944,2325972,24,2,0,False,FUN_00237db8_0x237db8.cpp
104,2325976,2326004,24,2,0,False,FUN_00237dd8_0x237dd8.cpp
104,2326008,2326036,24,2,0,False,FUN_00237df8_0x237df8.cpp
104,2326040,2326068,24,2,0,False,FUN_00237e18_0x237e18.cpp
104,2326072,2326100,24,2,0,False,FUN_00237e38_0x237e38.cpp
104,2326104,2326132,24,2,0,False,FUN_00237e58_0x237e58.cpp
104,2329040,2329068,24,2,0,False,FUN_002389d0_0x2389d0.cpp
104,2337960,2338028,64,1,0,False,FUN_0023aca8_0x23aca8.cpp
104,2358656,2358684,24,2,0,False,FUN_0023fd80_0x23fd80.cpp
104,2362256,2362284,24,2,0,False,FUN_00240b90_0x240b90.cpp
104,2367296,2367368,64,1,0,False,FUN_00241f40_0x241f40.cpp
104,2463296,2463364,64,1,0,False,FUN_00259640_0x259640.cpp
104,2471600,2471632,24,2,0,False,FUN_0025b6b0_0x25b6b0.cpp
104,2471696,2471728,24,2,0,False,FUN_0025b710_0x25b710.cpp
104,2471784,2471816,24,2,0,False,FUN_0025b768_0x25b768.cpp
104,2471872,2471904,24,2,0,False,FUN_0025b7c0_0x25b7c0.cpp
104,2471976,2472008,24,2,0,False,FUN_0025b828_0x25b828.cpp
104,2472080,2472112,24,2,0,False,FUN_0025b890_0x25b890.cpp
104,2472168,2472200,24,2,0,False,FUN_0025b8e8_0x25b8e8.cpp
104,2472272,2472304,24,2,0,False,FUN_0025b950_0x25b950.cpp
104,2472376,2472408,24,2,0,False,FUN_0025b9b8_0x25b9b8.cpp
104,2472512,2472544,24,2,0,False,FUN_0025ba40_0x25ba40.cpp
104,2472600,2472632,24,2,0,False,FUN_0025ba98_0x25ba98.cpp
104,2472688,2472720,24,2,0,False,FUN_0025baf0_0x25baf0.cpp
104,2472776,2472808,24,2,0,False,FUN_0025bb48_0x25bb48.cpp
104,2472864,2472896,24,2,0,False,FUN_0025bba0_0x25bba0.cpp
104,2474648,2474676,24,2,0,False,FUN_0025c298_0x25c298.cpp
104,2474712,2474740,24,2,0,False,FUN_0025c2d8_0x25c2d8.cpp
104,2474760,2474788,24,2,0,False,FUN_0025c308_0x25c308.cpp
104,2474872,2474900,24,2,0,False,FUN_0025c378_0x25c378.cpp
104,2474904,2474932,24,2,0,False,FUN_0025c398_0x25c398.cpp
104,2474936,2474964,24,2,0,False,FUN_0025c3b8_0x25c3b8.cpp
104,2474968,2474996,24,2,0,False,FUN_0025c3d8_0x25c3d8.cpp
104,2475000,2475028,24,2,0,False,FUN_0025c3f8_0x25c3f8.cpp
104,2475032,2475060,24,2,0,False,FUN_0025c418_0x25c418.cpp
104,2475072,2475100,24,2,0,False,FUN_0025c440_0x25c440.cpp
104,2475104,2475132,24,2,0,False,FUN_0025c460_0x25c460.cpp
104,2475136,2475164,24,2,0,False,FUN_0025c480_0x25c480.cpp
104,2475168,2475196,24,2,0,False,FUN_0025c4a0_0x25c4a0.cpp
104,2475200,2475228,24,2,0,False,FUN_0025c4c0_0x25c4c0.cpp
104,2475248,2475276,24,2,0,False,FUN_0025c4f0_0x25c4f0.cpp
104,2475280,2475308,24,2,0,False,FUN_0025c510_0x25c510.cpp
104,2475312,2475340,24,2,0,False,FUN_0025c530_0x25c530.cpp
104,2475368,2475396,24,2,0,False,FUN_0025c568_0x25c568.cpp
104,2475400,2475428,24,2,0,False,FUN_0025c588_0x25c588.cpp
104,2477656,2477684,24,2,0,False,FUN_0025ce58_0x25ce58.cpp
104,2477816,2477844,24,2,0,False,FUN_0025cef8_0x25cef8.cpp
104,2478232,2478260,24,2,0,False,FUN_0025d098_0x25d098.cpp
104,2478392,2478420,24,2,0,False,FUN_0025d138_0x25d138.cpp
104,2478584,2478612,24,2,0,False,FUN_0025d1f8_0x25d1f8.cpp
104,2478776,2478804,24,2,0,False,FUN_0025d2b8_0x25d2b8.cpp
104,2478968,2478996,24,2,0,False,FUN_0025d378_0x25d378.cpp
104,2479160,2479188,24,2,0,False,FUN_0025d438_0x25d438.cpp
104,2479352,2479380,24,2,0,False,FUN_0025d4f8_0x25d4f8.cpp
104,2479544,2479572,24,2,0,False,FUN_0025d5b8_0x25d5b8.cpp
104,2479736,2479764,24,2,0,False,FUN_0025d678_0x25d678.cpp
104,2479928,2479956,24,2,0,False,FUN_0025d738_0x25d738.cpp
104,2480128,2480156,24,2,0,False,FUN_0025d800_0x25d800.cpp
104,2480288,2480316,24,2,0,False,FUN_0025d8a0_0x25d8a0.cpp
104,2537136,2537168,24,2,0,False,FUN_0026b6b0_0x26b6b0.cpp
100,2340208,2340272,60,1,0,False,FUN_0023b570_0x23b570.cpp
92,2372864,2372920,52,1,0,False,FUN_00243500_0x243500.cpp
88,2277096,2277148,48,1,0,False,FUN_0022bee8_0x22bee8.cpp
88,2283296,2283348,48,1,0,False,FUN_0022d720_0x22d720.cpp
88,2368072,2368128,48,1,0,False,FUN_00242248_0x242248.cpp
84,1707520,1707568,44,1,0,False,FUN_001a0e00_0x1a0e00.cpp
84,1708232,1708280,44,1,0,False,FUN_001a10c8_0x1a10c8.cpp
80,1165600,1165644,40,1,0,False,FUN_0011c920_0x11c920.cpp
80,2344720,2344764,40,1,0,False,FUN_0023c710_0x23c710.cpp
80,2349304,2349348,40,1,0,False,FUN_0023d8f8_0x23d8f8.cpp
80,2353440,2353488,40,1,0,False,FUN_0023e920_0x23e920.cpp
80,2461024,2461072,40,1,0,False,FUN_00258d60_0x258d60.cpp
80,2461248,2461296,40,1,0,False,FUN_00258e40_0x258e40.cpp
80,2461400,2461448,40,1,0,False,FUN_00258ed8_0x258ed8.cpp
80,2461552,2461600,40,1,0,False,FUN_00258f70_0x258f70.cpp
80,2463720,2463768,40,1,0,False,FUN_002597e8_0x2597e8.cpp
80,2463872,2463920,40,1,0,False,FUN_00259880_0x259880.cpp
76,1073608,1073652,36,1,0,False,FUN_001061c8_0x1061c8.cpp
76,2333736,2333780,36,1,0,False,FUN_00239c28_0x239c28.cpp
76,2333992,2334036,36,1,0,False,FUN_00239d28_0x239d28.cpp
68,2349480,2349512,28,1,0,False,FUN_0023d9a8_0x23d9a8.cpp
64,1073576,1073604,24,1,0,False,FUN_001061a8_0x1061a8.cpp
64,1451424,1451452,24,1,0,False,FUN_001625a0_0x1625a0.cpp
64,1595000,1595032,24,1,0,False,FUN_00185678_0x185678.cpp
64,1707456,1707484,24,1,0,False,FUN_001a0dc0_0x1a0dc0.cpp
64,1707488,1707516,24,1,0,False,FUN_001a0de0_0x1a0de0.cpp
64,1707848,1707876,24,1,0,False,FUN_001a0f48_0x1a0f48.cpp
64,1707880,1707908,24,1,0,False,FUN_001a0f68_0x1a0f68.cpp
64,2349448,2349476,24,1,0,False,FUN_0023d988_0x23d988.cpp
64,2463368,2463396,24,1,0,False,FUN_00259688_0x259688.cpp
